name,edition,card_number,race,type,cost,power,health,loyalty,power_icons,traits,rules_text,illustrator,card_quantity
'Idden Boy,Days of Blood,13,Orc,Unit,2,1,2,1,1,Warrior,"Hit Points: 2 Warrior. Orc only. Ambush 1. Action: When this unit ambushes, it gains [Power][Power] until the end of the phase. I'z tired o' hidin'! It'z time ta bash 'em!",Des Manley,3
A Glorious Death,Core Set,17,Dwarf,Quest,0,,,2,,,Quest. Action: Sacrifice the unit on this quest to destroy up to two target attacking units. Use this ability only if A Glorious Death has 3 or more resource tokens on it. Quest. Forced: Place 1 resource token on this card at the beginning of your turn if a unit is questing here.,Adrian Smith,2
A Noble Quest,The Fourth Waystone,98,Neutral,Tactic,0,,,0,,,Order only. Action: Put 1 resource token on a quest if a unit is questing there. Guided by a divine hand.,David Horne,3
A Promise of War,The Imperial Throne,118,Neutral,Tactic,2,,,0,,,"Play only if you control a Capital Center or a legend. Action: Search your deck for a unit, reveal it, and add it to your hand. Then, shuffle your deck.",Even Mehl Amundsen,3
A Slave For Every Occasion,March of the Damned,30,Dark Elf,Tactic,4,,,3,,,Play during your turn. Action: Put target non-Hero unit in your opponent's discard pile into play under your control (you choose which zone the unit enters). This one will be most useful.,Mike Capprotti,3
Abandoned Mine,The Skavenblight Threat,19,Neutral,Support,4,2,,0,2,Building,"Building. Kingdom. Action: At the beginning of your turn, you may return one of your developments to its owner's hand.",Caravan Studio,
Abyssal Terror,Hidden Kingdoms,29,Neutral,Unit,6,,4,,,"Undead, Creature",- Undead only. Battlefield only. Necromancy. This unit gains [P] for each unit in your discard pile.,,
Advanced Engineering,Bleeding Sun,119,Neutral,Support,2,1,,0,1,Siege,"Siege. Action: At the beginning of your turn, look at the top two cards of your deck. Place one of those cards on the top of your deck and the other card on the bottom of your deck.",Dimitri Bielak,3
Agent of the Malekith,Fragments of Power,33,Dark Elf,Unit,1,,2,2,0,Rogue,"Hit Points: 2 Rogue. Action: When this unit enters or leaves play, remove 1 resource token from target card.",Jen Zee,3
Aid from the Depths,Fiery Dawn,103,Dwarf,Quest,0,,,2,,,"Action: When you play a development from your hand, put a resource token on this card if a unit is questing here. Action: Discard 2 resources on this card to heal 2 damage from your capital.",Games Workshop Ltd,3
Ale Hall,Vessel of the Winds,64,Dwarf,Support,2,1,,2,1,Building,"Building. Action: Discard a quest or Grudge support card from your hand to have this card gain [Power] until the end of the turn. When the ale is flowing, the tales start growing.",Jonas Springborg,3
Alith Anar,Oaths of Vengeance,21,High Elf,Legend,3,4,3,2,,,"Forced: When this legend enters play, you must burn 3 zones instead of 2 in order to win for the rest of the game. Action: When this legend attacks, turn target development you control faceup. If it is a [High Elf] unit with Ambush, trigger its ability as if it just ambushed and declare it as an attacker. Otherwise, sacrifice it.",John Sutherland,3
All Out War,Oaths of Vengeance,40,Neutral,Tactic,3,,,0,,,"Play at the beginning of your Battlefield phase. Action: When you declare an attack against target opponent, that attack is against all of that opponent's non-burning zones. Defending opponent may declare defenders from all of his non-burning zones. This effect lasts until the end of the phase.",Daarken,3
Alluring Chosen,Chaos Moon,36,Dark Elf,Unit,2,1,2,2,1,Sorceror,"Hit Points: 2 Sorceror. Action: When a unit enters an opponent's discard pile, this unit gains [Power] until the end of the turn. Your suffering pleases me.",Carolina Eade,3
Alluring Daemonettes,Warpstone Chronicles,93,Chaos,Unit,5,2,3,1,2,Daemon,"Hit Points: 3 Daemon. Action: When this unit attacks, target unit must defend if able. The look, the feel of evil, slowly consuming your mind.",Karl Kopinski,3
Altar of Khaine,Assault on Ulthuan,36,Dark Elf,Support,4,2,,2,2,Building,"Building. Kingdom. Action: If one of your units would be destroyed, you may pay 1 resource to instead return it to your hand. Blood and hate, both are sacred to Khaine.",Victor Corbella,
Ancestral Engravings,Cataclysm,5,Dwarf,Support,4,2,,2,2,"Fortification, Rune","Fortification. Rune. Action: When this zone is attacked, this card becomes a unit with 4 hit points (and retains its power) until the end of the phase. It also counts as a support card.",Andrés Anezin,3
Ancestral Tomb,The Fall of Karak Grimaz,23,Dwarf,Support,2,1,,2,1,Building,"Building. Action: When this card enters play, put the top two cards of your deck into this zone as developments.",Loren Fetterman,3
Ancient Alliance,Redemption of a Mage,78,Neutral,Support,2,1,,0,1,Banner,"Banner. Order only. Limited (you cannot play more than one limited card per turn). (This Alliance provides a Dwarf, an Empire, and a High Elf Loyalty symbol.)",0 Comments,3
Ancient Debts Repaid,Bleeding Sun,105,Dwarf,Quest,0,,,2,,,"Quest. You may spend any resource tokens on this card as though they were in your pool to play cards. Quest. Forced: When a [Dwarf] unit enters your discard pile from play, put a resource token on this quest if a unit is questing here.",Mark Smith,3
Ancient Longbeards,Omens of Ruin,1,Dwarf,Unit,3,1,3,2,1,"Warrior, Elite","Hit Points: 3 Warrior. Elite. Action: When this unit attacks or defends, put the top card of your deck into this zone as a development. Hmph. Back in my day, they made the goblins bigger.",Ijur,3
Ancient Map,Assault on Ulthuan,56,Neutral,Tactic,1,,,0,,,"Action: Search your deck for a quest card, reveal it to each player, and add it to your hand. Then, shuffle your deck.",Chris Pritchard,
Ancient Stegadon,The Inevitable City,17,Neutral,Unit,6,3,5,0,3,"Lizardmen, Creature","Hit Points: 5 Lizardmen. Creature. Order only. Lower the cost to play this unit by 3 in a zone containing a Hero unit. As old as the Old Ones, or older.",Jason Juta,3
Ancient Vengeance,The Accursed Dead,44,Dwarf,Support,3,,,3,0,Grudge,"Grudge. When your capital is dealt combat damage, you may put this card into play from your hand (in any zone). Lower the cost to play [Dwarf] units into this zone by 1 (to a minimum of 1).",A. L. Ashbaugh,3
Ancient Waystone,Warpstone Chronicles,99,Neutral,Support,2,1,,0,1,,"Action: Spend 1 resource to deal 1 damage to any target unit in this corresponding zone. Use this ability only once per turn, and only if any player has played a Spell card this turn.",Liu Yang,3
Anethra Helbane,Shield of the Gods,102,Dark Elf,Legend,6,2,3,4,,,"Whenever you have more than 5 cards in your hand, immediately discard down to 5 cards in your hand. Action: If you have fewer than 5 cards in your hand, draw until you have 5 cards in your hand. (Limit once per turn.) ""Coin is coin, whether taken by force or guile.""",Magali Villeneuve,3
Angi'arie,Bleeding Sun,116,Dark Elf,Unit,4,2,4,3,2,Hero,"Hit Points: 4 Hero. Limit one Hero per zone. Action: At the beginning of your turn, treat target unit's text box as though it were blank until the end of the turn. Your skin parts like silk.",Kaya,3
Animosity,Path of the Zealot,40,Neutral,Tactic,2,,,0,,,"Play after a zone is attacked. Action: Target unit must defend this turn, if able.",Brad Rigney,1
Anlec Lookout,City of Winter,90,Dark Elf,Unit,3,1,1,1,1,Warrior,Hit Points: 1 Warrior. Counterstrike X. X is the highest loyalty on a [Dark Elf] card you control. Nothing slips by without taking one of my bolts first.,Magali Villeneuve,3
Anointed Cauldron,The Twin Tailed Comet,57,Dark Elf,Support,3,1,,1,1,,"Siege. Action: When this zone is attacked, the attacking player discards a card from his hand. It takes the blood of three full-grown slaves to fill my cauldron. Don't waste a drop! - Nemain Feagh, Witch Hag",Paul [Prof] Herbert,3
Anvil of Doom,Tooth and Claw,42,Dwarf,Support,3,1,,2,1,Building,"Building. Kingdom. Units in your battlefield with one or more Attachment cards attached gain [Power]. Mighty anvils, from which the Runelords shape their weapons.",Michael Phillippi,3
Arachnarok Spider,Fragments of Power,25,Orc,Unit,7,4,5,4,4,Creature,"Hit Points: 5 Creature. Battlefield only. Feared 1. Action: When you play this unit from your hand, put up to 2 Goblin units into play in your battlefield from your hand.",Andrew Olson,3
Arcane Instinct,Cataclysm,32,High Elf,Tactic,0,,,2,,Spell,Spell. Action: Cancel an Action just triggered that targets an opponent's card. The magisters of Hysh are valued for their wisdom and foresight.,Alexandre Dainche,3
Arcane Orrery,Cataclysm,52,Neutral,Support,2,1,,0,1,Item,Item. Each player cannot play or put into play more than 1 card with the same title each turn.,Mike Capprotti,3
Arcane Power,The Accursed Dead,57,Neutral,Tactic,1,,,0,,Spell,"Spell. Action: Draw a card. Then, if you control a legend or Artefact support card, return target card from your discard pile to your hand.",Cristi Balanescu,3
Arcane Purifier,Cataclysm,28,High Elf,Unit,2,1,2,2,1,Mage,"Hit Points: 2 Mage. Action: When this unit enters or leaves play, heal all damage on target unit. ""Go now with Isha’s Blessing.""",Sandara Tang,3
Archaon,Legends,29,Chaos,Legend,7,9,5,5,,,"Action: When Archaon attacks, spend X resources to deal X damage to target unit. ""Fear me, mortals, for I am the Anointed, the Favoured Son of Chaos, the Scourge of the World. The armies of the gods rally behind me, and it is by my will and by my sword that your weakling nations shall fall.""",Alexandru Sabo,3
Archmage of Saphery,Core Set,52,High Elf,Unit,1,,1,1,0,Mage,"Hit Points: 1 Mage. Quest. Action: During your quest phase, you may heal 1 damage on one target unit. (Limit once per turn.)",Clint Langley,1
"Ariel, Queen in the Woods",Hidden Kingdoms,10,Neutral,Legend,4,2,4,,,Wood Elf,,,
Arkayne Vampire,Fragments of Power,35,Neutral,Unit,3,,2,0,0,"Undead, Vampire","Hit Points: 2 Undead. Vampire. Destruction only. This unit gains +1 hit point for each damage on it. Action: At the beginning of your turn, move 1 damage from target unit to this unit. That unit gets -1 hit point until the end of the turn.",Peter Tikos,3
Armed To Da Teef,Legends,14,Orc,Tactic,2,,,1,,,Action: Take up to 2 Attachment support cards from your discard pile and attach them to target unit you control (following all restrictions).,Alexandru Sabo,3
Armoury,Core Set,114,Neutral,Support,2,1,,0,1,Building,Building. Limited (you cannot play more than one limited card per turn). Kingdom. This card gains [Power] while you have at least two developments in this zone.,Dimitri Bielak,3
Arrer Boyz,Path of the Zealot,28,Orc,Unit,4,1,3,2,1,Ranger,"Hit Points: 3 Ranger. Battlefield. Action: Spend 2 resources to deal 1 damage to one target unit in any battlefield. Arrer Boys then takes 1 damage. Shoot da horse, dem's gud eats!",Tony Moseley,3
Asrai Longbow,The Eclipse of Hope,100,Neutral,Support,2,,,0,0,"Wood Elf, Attachment","Wood Elf. Attachment. Order only. Attach to a target unit you control. Action: When your capital is dealt damage, deal 2 damage to target unit in any corresponding zone.",A. L. Ashbaugh,3
Assassin's Blade,Bleeding Sun,120,Neutral,Support,1,,,0,0,"Attachment, Weapon",Attachment. Weapon. Attach to a target unit in your battlefield. You may play this card any time you could take an action (paying all costs). Attached unit gains [Power].,Daarken,3
Asuryan's Cleansing,Assault on Ulthuan,19,High Elf,Tactic,0,,,2,,Spell,"Spell. Action: Cancel and discard target unit or support card being played unless its controller spends all resources in his pool. (If no resources remain, opponent can spend 0 resources to spend ""all."") This act will cost you dearly!",Clint Langley,
Atharti Night Maidens,Cataclysm,44,Dark Elf,Unit,3,1,3,1,1,Witch Elf,"Hit Points: 3 Witch Elf. Action: When a unit of cost 2 or less enters play, attach this unit to it. This unit then counts as an Attachment support card with the text ""Take control of attached unit and move it to your corresponding zone.""",Christina Davis,3
Avelorn Sojourner,The Ruinous Hordes,91,High Elf,Unit,3,1,3,1,1,Mage,"Hit Points: 3 Mage. While this unit is questing, raise the cost of each tactic played by an opponent by 1. I accept this undertaking for Ulthuan.",Vincent,3
Averheim Soldiers,Fragments of Power,27,Empire,Unit,2,,2,1,0,Warrior,"Hit Points: 2 Warrior. This unit deals +2 damage in combat. Action: When this unit defends, it gets +1 hit point for each resource token on quests you control until the end of the turn.",Mike Nash,3
Azhag the Slaughterer,Legends,9,Orc,Legend,7,9,5,5,,,"Each damaged unit you control cannot be targeted by opponents' card effects. ""Wyvern's is good fer one thing, eatin' smashin' smellin' and flyin.' They're also good fer lettin' the other boyz know who's boss!""",Mathias Kollros,3
Baby Squig,The Imperial Throne,102,Orc,Unit,0,,1,2,0,Creature,"Hit Points: 0 Creature. Forced: At the beginning of your turn, deal 1 damage to another target unit you control in this zone. Eaaah! Dis liddle grubber bit me!",Blake Henriksen,3
Balewind Vortex,Cataclysm,56,Neutral,Fulcrum,1,,,0,,,"Forced: When this fulcrum is channeled, deal 2 uncancellable indirect damage to each opponent. Damage must be assigned to units first, if able.",Juan Carlos Barquet,1
Balthasar Gelt,Faith and Steel,101,Empire,Legend,3,1-2-1,3,2,,,"Forced: When this legend enters play, you must burn 3 zones instead of 2 in order to win for the rest of the game. Lower the cost of the first card you play on your turn by 1 for each experience attached to this legend. Action: When this legend attacks, attach 1 experience to it.",0 Comments,3
Band Together,Oaths of Vengeance,26,Dwarf,Tactic,2,,,2,,,"Dwarf only. Ambush 0. Action: Gain 3 resources. Steady, lads. Hold together now!",Jim Nelson,3
Banish,The Deathmaster's Dance,69,High Elf,Tactic,3,,,2,,,"Action: Return one target unit without any Attachment cards on it to its owner's hand. Begone creature, your presence is no longer required.",Karl Christenson,1
Banna Bearer,Days of Blood,14,Orc,Unit,4,2,3,2,2,Standard Bearer,"Hit Points: 3 Standard Bearer. Action: When a Hero or legend you control is declared as an attacker, pay 2 resources to put this unit into play in your battlefield, declared as an attacker.",J. B. Casacop,3
Banna of da Red Sunz,Core Set,71,Orc,Support,4,2,,1,2,Banner,Banner. Kingdom. Each opponent that collects 7 or more resources for his kingdom phase must assign one of those resources as a damage token to a target unit of your choice.,Mark Molnar,1
Banna Thief,The Iron Rock,42,Orc,Unit,2,0,2,1,0,"Goblin, Standard Bearer","Hit Points: 2 Goblin. Standard Bearer. Action: When a unit enters this zone, target unit gains [Power] until the end of the turn. We gotz ur banners! We gotz ur banners!",Derk Venneman,3
Bannerman of the Crag,City of Winter,87,Dark Elf,Unit,2,,2,1,0,Standard Bearer,"Hit Points: 2 Standard Bearer. Action: When a unit enters this zone, discard the top card of target player's deck. A serpentine standard that renews the resolve of the Dark Elves.",Igor Kieryluk,3
Barbed Snares,City of Winter,86,Dark Elf,Tactic,1,,,2,,,"Action: Discard the top 2 cards of target opponent's deck. Then, you may put this card on top of your deck. Not your average snare. Not your average prey.",Peter Tikos,3
Barbed Whip,The Fourth Waystone,95,Dark Elf,Support,1,,,3,0,"Attachment, Weapon","Attachment. Weapon. Attach to a target [Dark Elf] unit. Action: When attached unit attacks, target unit in the defending zone gets -1 hit points until the end of the turn.",Cory Turner,3
Barracks of Chrace,Fiery Dawn,111,High Elf,Support,2,1,,1,1,Building,"Building. Action: When you play a development from your hand, look at the top card of your deck. You may put it on the top or bottom of your deck.",Marco Caradonna,3
Bash 'Em!,Chaos Moon,26,Orc,Tactic,5,,,3,,,"Action: There is an additional battlefield phase this turn, following the first battlefield phase this turn. Keep 'ittin' 'em until dey stopz movin'. Den lootz! - Classic goblin battleplan",Games Workshop Ltd,3
Basha's Bloodaxe,Warpstone Chronicles,91,Orc,Support,2,,,1,0,"Attachment, Relic","Attachment. Relic. Attach to a target [Orc] unit. Corrupt that unit. Attached unit deals +2 damage in combat. While attached unit is attacking, double all damage dealt to the defending opponent's capital.",Brad Rigney,1
Bathe in Blood,Assault on Ulthuan,40,Dark Elf,Tactic,1,,,1,,,"Action: Choose one target [Dark Elf] unit. Double that unit's power until the end of the turn. At the end of the turn, sacrifice it. Draw strength from Khaine's gift.",John Gravato,
Bathe in the Cauldron,Fiery Dawn,117,Dark Elf,Tactic,3,,,3,,,Action: Choose a target player. That player discards the top 5 cards of his deck. Draw a card for each unit discarded this way.,Alan Lathwell,3
Battle Pilgrims,The Silent Forge,58,Neutral,Unit,2,1,2,0,1,"Bretonnian, Warrior",Hit Points: 2 Bretonnian. Warrior. Order only. Action: Sacrifice this unit to destroy target corrupted unit. Blessed is the Grail Knight we follow.,Leonardo Borazio,3
Battle Standard,Assault on Ulthuan,47,Empire,Support,0,,,1,0,Attachment,"Attachment. Attach to a target unit you control. Action: At the beginning of your battlefield phase, you may move this unit to a different zone.",Caravan Studio,
Battle Wizard,Legends,18,Empire,Unit,3,1,3,2,1,Mage,"Hit Points: 3 Mage. If this unit defends and survives combat, return all attacking units to their owners' hands.",Jeff Himmelman,3
Bearer of Eight,Cataclysm,27,High Elf,Unit,3,1,3,1,1,Mage,"Hit Points: 3 Mage. Battlefield. Action: At the end of your battlefield phase, if this unit did not attack this turn, deal 2 indirect damage to each opponent",Alexandre Dainche,3
Beast of Chaos,Arcane Fire,113,Chaos,Unit,4,3,1,3,3,Creature,Hit Points: 1 Creature. Battlefield only.,Ralph Horsley,3
Beast of Rot,Bleeding Sun,114,Chaos,Unit,5,2,4,2,2,Creature,Hit Points: 4 Creature. Lower the cost to play this unit by 1 for each Disease card in play. Beast of Rot gains [Power] for each Disease card in play. It breathes pestilence.,Adam Bray,3
Beastlord Rakarth,Signs in the Stars,75,Dark Elf,Unit,3,2,2,2,2,Hero,"Hit Points: 2 Hero. Limit one Hero per zone. Action: When this unit attacks, put a random card from the defending player's hand facedown as a development into the defending zone.",Oleg Saakyan,3
Beastman Incursion,The Accursed Dead,60,Chaos,Quest,2,,,2,,Invasion,"Invasion. Play in any opponent's zone, under his control. Forced: At the beginning of your turn, you must sacrifice a non-development, non-quest card in this zone, if able. Action: At the beginning of your battlefield phase, skip the rest of your battlefield phase to destroy this card if a unit is questing here.",Games Workshop Ltd.,3
Beastman Shaman,The Iron Rock,54,Chaos,Unit,3,2,1,3,2,Sorcerer,"Hit Points: 1 Sorcerer. Action: When a [Chaos] unit you control is corrupted, draw a card. The omens are favorable. The shaman will show us the way.",Games Workshop Ltd,3
Beguile,March of the Damned,54,Neutral,Tactic,2,,,0,,"Undead, Spell","Undead. Spell. Destruction only. Action: Target unit deals damage equal to its power to another target unit in its zone. ""Look into my eyes. Listen to my voice. Bend to my will."" - Countess Iseara",Winnoa Nelson,3
Beleaguered Scout,Signs in the Stars,61,Dwarf,Unit,3,1,2,1,1,Ranger,"Hit Points: 2 Ranger. Action: Sacrifice a development to deal 1 damage to target attacking unit. This? This is nothing, lad. That time on the peaks when I'd lost me quarrels, me firestone, and me ale? That was bad - Bronn Greybeard",Santiago Villa,3
Berserk Fury,Warpstone Chronicles,94,Chaos,Tactic,2,,,3,,,"Action: One target unit gains [Power][Power][Power] until the end of the turn. At the end of the turn, that unit takes 2 damage. Blood! Hate! Skulls! Rage!",Sam Wood,3
Big 'Uns,Core Set,67,Orc,Unit,3,1,2,1,1,Warrior,"Hit Points: 2 Warrior. Battlefield. Your damaged units gain Toughness 1. ""Red eyed brutes, the larger ones seem to be natural leaders of their kind."" - Gavius Klugge",Adrian Smith,1
Big Boss,The Eclipse of Hope,84,Orc,Unit,6,3,5,3,3,Warrior,"Hit Points: 5 Warrior. Forced: At the beginning of your turn, the unit with the lowest printed cost must be sacrificed. You choose in case of a tie. Oi! 'ooz in charge 'ere!?",Ty,3
Big Guns,Cataclysm,13,Orc,Support,2,,,2,0,Condition,"Condition. Battlefield. Each attacking [Orc] unit deals +1 damage in combat. ""Neva' a bad time to break dese out!""",Carl Folmer,3
Black Dragon Rider,March of the Damned,27,Dark Elf,Unit,5,3,4,3,3,"Warrior, Elite","Hit Points: 4 Warrior. Elite. Forced: When this unit is opposed in combat, all attacking and defending units get -1 hit points until the end of the turn.",Clint Langley,3
Black Guard Aspirant,The Silent Forge,55,Dark Elf,Unit,4,2,3,1,2,"Elite, Warrior",Hit Points: 3 Elite. Warrior. This unit gains [Power] while any unit has one or more cards attached to it. You must strike at the base of the neck for maximum efficiency.,Kaya,3
Black Guards,Shield of the Gods,113,Dark Elf,Unit,4,2,5,2,2,Bodyguard,"Hit Points: 5 Bodyguard. This unit can attack or defend (from any zone) whenever a [Dark Elf] legend you control attacks or defends. Many Druchii enter the regimens of the Black Guard of Naggarond, but only the strongest survive to serve the Witch King.",Diego Gisbert,3
Black Horror,Legends,41,Dark Elf,Tactic,2,,,2,,Spell,Spell. Action: Choose a target unit with printed cost 2 or lower. Put that unit on the bottom of its owner's deck.,Matt Zeilinger,3
Black Knight,The Iron Rock,56,Neutral,Unit,4,2,2,0,2,"Bretonnian, Knight","Hit Points: 2 Bretonnian. Knight. Quest. While this unit is questing, opponents draw 1 few card during the quest phase (to a minimum of 1). Cast out of Mousillian, the Black Knight roams the lands. His quest is his own.",Ignacio Lazcano,3
Black Knights of Morr,The Silent Forge,43,Empire,Unit,4,2,3,2,2,Knight,"Hit Points: 3 Knight. Action: When a unit enters this zone, target unit cannot defend until the end of the turn. May Morr guide you in the death I bring you.",Clint Langley,3
Black Orc Squad,Core Set,60,Orc,Unit,3,1,4,1,1,"Warrior, Elite","Hit Points: 4 Warrior. Elite. Big 'Uns, wif big axes.",Games Workshop Ltd,3
Bladelord,Signs in the Stars,70,High Elf,Unit,5,3,4,2,3,"Warrior, Elite","Hit Points: 4 Warrior. Elite. Redirect the first 2 damage dealt to this unit each turn to another target unit in any corresponding zone. A fine attempt, but you are no match for a master of the Path of the Autumn Wind.",Magali Villeneuve,3
Bladesinger,The Accursed Dead,55,Neutral,Unit,5,3,2,0,3,"Wood Elf, Elite","Hit Points: 2 Wood Elf. Elite. Order only. Action: When one of your zones with at least 3 developments is attacked, put this unit into play in that zone from your hand, declared as a defender. Action: If this unit has 2 or less damage on it or assigned to it, return this unit to the top of its owner's deck.",Carolina Eade,3
Bladewind,Legends,42,Dark Elf,Tactic,1,,,2,,Spell,"Spell. Action: Target opponent discards a card from his hand. Then, draw a card.",S. C. Watson,3
Blasting Charge,Legends,7,Dwarf,Tactic,3,,,2,,,"Action: Choose a zone. Destroy up to 3 developments in that zone. Then, each player takes 3 indirect damage (players allocate their own indirect damage).",Rio Sabda,3
Blessed Enchantress,Rising Dawn,16,Neutral,Unit,3,1,2,0,1,Enchantress,"Hit Points: 2 Enchantress. Order only. Forced: When another card effect puts at least 1 resource token on a quest in this zone, put 1 additional resource token on that quest.",Charles Urbach,3
Blessed Hammer,Legends,20,Empire,Support,2,,,2,0,Attachment,"Attachment. Attach to a target unit you control. Attached unit gains Counterstrike 2. If attached unit leaves play, you may spend 2 resources to return Blessed Hammer to its owner's hand.",Tom Garden,3
Blessed Spawning,March of the Damned,42,Neutral,Tactic,3,,,0,,"- Lizardmen, Order only.","Lizardmen. Order only. Action: Search the top five cards of your deck for a Lizardmen unit with printed cost 4 or less and put it into play (in any zone). Then, shuffle your deck.",Leonardo Borazio,3
Blessing of Asuryan,The Iron Rock,53,High Elf,Support,2,,,2,0,"Attachment, Condition","Attachment. Condition. Attach to a target Mage unit you control. Attached unit gains [Power]. Action: At the end of your battlefield phase, if attached unit did not attack, put a Spell card from your discard pile on top of your deck.",Matt Zeilinger,3
Blessing of Isha,Core Set,53,High Elf,Support,0,,,1,0,"Attachment, Spell","Attachment. Spell. Attach to a target unit. Restore that unit, if able. Attached unit cannot be corrupted.",Ilich Henriquez,1
Blessing of Myrmidia,Bleeding Sun,107,Empire,Tactic,1,,,2,,,Action: Each of your attacking or defending Knight units gains [Power] until the end of the turn. May your blade bring order to the chaos of the world.,John Wigley,3
Blessing of Valaya,Tooth and Claw,43,Dwarf,Tactic,2,,,1,,"Spell, Rune","Spell. Rune. Action: The next 2 damage dealt to one target unit are redirected to another target unit. Ancestor Valaya, shine your light upon me.",Dave Gallagher,3
Blessings of Tzeentch,Arcane Fire,115,Chaos,Tactic,3,,,1,,Spell,"Spell. Action: Sacrifice a unit. If you do, you may reveal the top five cards of your deck. Randomly choose a unit revealed this way and put it into play (you choose which zone). Then, shuffle the remaining cards into your deck. It is fate, and time to embrace the change.",Eric Polak,3
Blind River Goblin,Legends,10,Orc,Unit,2,1,2,1,1,Goblin,"Hit Points: 2 Goblin. If you control a legend, this unit gains [Power]",Chun Lo,3
Blood Dragon Knight,Legends,53,Neutral,Unit,4,2,4,0,2,"Undead, Vampire.","Hit Points: 4 Undead. Vampire. Destruction only. Action: When this unit attacks, deal damage equal to its power to target unit in the defending zone.",Sym7,3
Blood Feast,Hidden Kingdoms,36,Neutral,Tactic,2,,,,,Undead,- Destruction only. Action: Choose a player. Target Vampire unit deals +1 damage in combat for each unit in that player's discard pile until the end of the turn.,,
Blood for the Blood God,Core Set,103,Chaos,Tactic,2,,,2,,,Action: Choose a target unit in any battlefield. Deal damage to that unit equal to its power. Skulls for the Skull Throne!,Clint Langley,2
Blood Frenzy,Assault on Ulthuan,53,Chaos,Support,1,,,3,0,Attachment,"Attachment. Attach to a target unit in your battlefield. Attached unit gains [Power] for each resource token on this card. Forced: Each time an opponent's unit enters a discard pile from play, put a resource token on this attachment.",Santiago Villa,
Blood Offering,Hidden Kingdoms,52,Dark Elf,Support,0,,,,,Tribute,- Action: Sacrifice this card to ignore the loyalty cost of the next Dark Elf card you play this turn.,,
Blood Shrine of Sotek,March of the Damned,39,Neutral,Support,2,1,,0,1,"Lizardmen, Order only, Building.",Lizardmen. Building. Order only. Your Lizardmen units in this zone gain +1 hit points.,Zachary Graves,3
Blood Summoning,March of the Damned,25,Chaos,Tactic,0,,,3,,Spell,Spell. Action: Corrupt X units you control to lower the cost of the next [Chaos] unit you play this turn by X.,Ryan Barger,3
Blood Vengeance,Fragments of Power,24,Dwarf,Support,3,,,3,0,Grudge,"Grudge. When your capital is dealt combat damage, you may put this card into play from your hand (in any zone). Each [Dwarf] unit in this zone deals +1 damage in combat.",Adam Lane,3
Bloodboil Fever,March of the Damned,23,Chaos,Support,1,,,2,0,"Attachment, Disease","Attachment. Disease. Attach to a target unit. Action: At the beginning of its controller's turn, put a resource token on this card. Then, deal X damage to the attached unit. X is the number of resource tokens on this card.",Winnoa Nelson,3
Bloodburn Poison,The Fourth Waystone,93,Dark Elf,Tactic,1,,,2,,,Action: Deal 1 damage to target unit. That unit loses [Power] until the end of the turn. One scratch fills your veins with fire.,Jason Ward,3
Bloodcall Sorceress,The Twin Tailed Comet,55,Dark Elf,Unit,3,1,3,2,1,Sorceror,"Hit Points: 3 Sorceror. Action: When you play a development from your hand, put a resource token on this unit. Then, up to X target units lose [Power][Power] until the end of the turn. X is the number of resource tokens on this unit.",Magali Villeneuve,3
Bloodcrusher,Cataclysm,34,Chaos,Unit,5,3,5,3,3,Daemon,Hit Points: 5 Daemon. Lower the cost to play this unit by 1 for each burning zone. The small of blood and sweat draws all types.,JB Casacop,3
Blooddrinker,Hidden Kingdoms,34,Neutral,Support,1,,,,,"Undead, Weapon, Artefact",- Destruction only. Attach to a target Vampire unit or legend you control. Attached unit or legend gains hit points eqal to the number of cards in all opponents' hands.,,
Bloodletter,Legends,31,Chaos,Unit,4,3,3,2,3,Daemon,Hit Points: 3 Daemon. Double all damage assigned to units as it is being assigned.,Dimitri Bielak,3
Bloodlust,Hidden Kingdoms,51,Dark Elf,Tactic,2 +,,,,,,"- Play only if you control at least 1 unit. Action: Each player targets a unit. Then, destroy each targeted unit.",,
Bloodsworn,Path of the Zealot,31,Chaos,Unit,4,2,3,1,2,Warrior,"Hit Points: 3 Warrior. Forced: When an opponent's unit enters a discard pile from play, heal all damage on Bloodsworn. Your blood belongs to our master.",Clint Langley,3
Bloodthirster,Core Set,92,Chaos,Unit,8,5,8,5,5,Daemon,"Hit Points: 8 Daemon. Damage cannot be cancelled. Forced: After your turn begins, each player must sacrifice a unit in this corresponding zone. ""A worthy death, as long as it goes with me."" - Gurni Thorgrimson",Daarken,1
Blue Horrors,Tooth and Claw,51,Chaos,Unit,2,1,2,2,1,Daemon,"Hit Points: 2 Daemon. Action: When this unit leaves play, you may put another unit named Blue Horrors into play from your hand. (That unit may be played into any zone.) Gibbering and capering, to gaze upon them is to gaze into change.",Caravan Studio,3
Boar Attack,Assault on Ulthuan,58,Neutral,Tactic,3,,,0,,,"Action: Choose an opponent. That opponent must either deal 3 damage to an undeveloped section of his capital, or sacrifice a unit or support card in any developed zone.",Ryan Barger,
Boar Boyz,Core Set,61,Orc,Unit,4,1,4,2,1,Cavalry,"Hit Points: 4 Cavalry. This unit gains [Power][Power] while you control at least one damaged unit. Dun know which smellz worse, der boyz or der boarz!",Karl Christenson,2
Boar Chariot,Legends,13,Orc,Support,2,,,2,0,,"Attachment. Calvary. Attach to a target unit you control. Action: When attached unit attacks, damage is uncencellable until the end of the turn. If attached unit leaves play, you may spend 2 resources to return Boar Chariot to its owner's hand.",Simon Dominic,3
Boar Pen,Omens of Ruin,5,Orc,Support,2,1,,2,1,Building,"Building. Units in a zone with no developments cannot defend. Not pigs, lad. Boars. Big difference. - Bronn Greybeard",Jared Blando,3
Boar Rider,Glory of Days Past,71,Orc,Unit,3,1,3,2,1,Cavalry,"Hit Points: 3 Cavalry. Raider 1. Action: When this unit attacks for the second time in one turn, it gains [Power][Power] until the end of the turn.",0 Comments,3
Bodyguard of Belegar,The Burning of Derricksburg,1,Dwarf,Unit,3,2,1,1,2,Warrior,"Hit Points: 1 Warrior. Toughness X (whenever this unit is assigned damage, cancel X of that damage). X is the number of other [Dwarf] units in this zone.",Jake Masbruch,3
Boiling Oil,The Imperial Throne,110,Empire,Support,1,,,2,0,Fortification,"Fortification. Action: When this zone is attacked, sacrifice this card to force the attacker to sacrifice an attacking unit.",Adam Lane,3
Bolt of Change,The Skavenblight Threat,11,Chaos,Tactic,1,,,2,,Spell,"Spell. Action: Until the end of the turn, one target development becomes a unit with 2 hit points and [Power][Power]. It also counts as a development. Shed this stone skin and slay our foes.",Christopher Ocampo,
Bonegrinder Giant,Battle for the Old World,60,Neutral,Unit,5,3,4,0,3,Giant,"Hit Points: 4 Giant. Destruction only. Battlefield only. While this unit is attacking alone, you may assign damage to your opponent's capital before assigning damage to defending units.",0 Comments,3
Boon of Tzeentch,Rising Dawn,13,Chaos,Tactic,2,,,3,,Spell,Spell. Action: Discard the top card of your deck. Gain resources equal to the printed cost of the discarded card.,Owen William Weber,3
Border Patrol,Portent of Doom,100,Neutral,Quest,1,,,0,,Wood Elf,"Wood Elf. Order only. Quest. Action: When one of your zones is attacked, if a Wood Elf unit is questing here, sacrifice this quest to turn target development in the attacked zone faceup. If it is a Wood Elf unit, leave it in play and that unit must defend this turn, if able. Otherwise, sacrifice it immediately.",Games Workshop Ltd,3
Bordertown,Days of Blood,19,Neutral,Support,2,2,,0,2,Building,"Building. Forced: When this zone takes combat damage, sacrifice this card.",Igor Kieryluk,3
Borgut Facebeater,Glory of Days Past,70,Orc,Unit,4,3,4,3,3,"Elite, Warrior","Hit Points: 4 Elite. Warrior. Action: When this unit attacks for the second time in one turn, put an [Orc] unit from your hand into your battlefield, declared as an attacker. Gork sayz smash dem stunties or I smash you!",0 Comments,3
Born Predators,March of the Damned,41,Neutral,Tactic,2,,,0,,"Lizardmen, Order only",Lizardmen. Order only. Action: Deal X damage to target unit. X is the number of Lizardmen cards you control. Aaaaaaagh!,Matthew Starbuck,3
Boss Pit,The Iron Rock,49,Orc,Support,4,3,,5,3,Capital Center,"Capital Center. This card enters play with 4 resource tokens on it. Action: At the beginning of your turn, remove a resource token from this card. Then, if there are no resources on this card, draw 10 cards.",Lin Bo,3
Bottomless Mine,The Fall of Karak Grimaz,38,Neutral,Support,2,1,,0,1,Building,Building. Limited (you cannot play more than one limited card per turn). Kingdom. This card gains [Power][Power] if there are at least two units in this zone.,Tom Garden,3
Branded by Khorne,The Eclipse of Hope,93,Chaos,Support,0,,,2,0,Attachment,"Attachment. Attach to a target unit. If attached unit is damaged, destroy that unit.",Mitch Cotie,3
Brave Volunteers,Cataclysm,43,Dark Elf,Unit,3,1,2,3,1,"Raider, Scout",Hit Points: 2 Raider. Scout. Battlefield. You can declare this unit as an attacker when another player attacks (if you are not defending).,Mark Molnar,3
Bray Shamans,March of the Damned,22,Chaos,Unit,4,2,3,2,2,Warrior,Hit Points: 3 Warrior. Action: Corrupt this unit to have target attacking unit you control gain [Power][Power]. Sacrifice that unit at the end of the turn.,Illich Henriquez,3
Braying Gor,The Burning of Derricksburg,12,Chaos,Unit,2,1,1,2,1,Warrior,Hit Points: 1 Warrior. Action: Corrupt this unit to lower the cost of the next [Chaos] unit you play this turn by 1 (to a minimum of 1). Hruuuuugh!,Ryan Barger,3
Bribery,Omens of Ruin,20,Neutral,Tactic,2,,,0,,,"Action: Choose a target unit or support card in a zone with no developments. That card does not count its power this turn. For twenty crowns more I'll forget you was even 'ere, guv.",Erfian Asafat,3
Bride of Khaine,Days of Blood,3,Dark Elf,Unit,3,1,3,1,1,Witch Elf,"Hit Points: 3 Witch Elf. Dark Elf only. Ambush 2. Action: When this unit ambushes, target attacking unit gets -2 hit points until the end of the turn. You're blood tastes so sweet.",Simon Dominic,3
Bright Wizard Acolyte,The Fourth Waystone,83,Empire,Unit,2,2,2,1,2,Mage,"Hit Points: 2 Mage. Forced: When your turn ends, this unit takes 1 uncancellable damage. Bring forth the enemy so I may heap them on the bonfire.",Jeff Himmelman,3
Bright Wizard Apprentice,Core Set,28,Empire,Unit,2,1,1,2,1,Mage,Hit Points: 1 Mage. Quest. Action: Spend 2 resources to target the effects of an Action just triggered by another unit or support card. Cancel the effects of that Action (limit once per turn).,Peter Johnston,1
Brom Longbellow,Vessel of the Winds,63,Dwarf,Unit,4,2,4,2,2,"Hero, Slayer","Hit Points: 4 Hero. Slayer. Limit one Hero per zone. Action: When your capital is dealt combat damage, deal X damage to target attacking unit. X is the number of Grudge support cards you control.",Anna Ignatieva,3
Brutal Offering,Tooth and Claw,52,Chaos,Tactic,2,,,1,,,"Action: Sacrifice a unit. If you do, deal X damage to each unit in all battlefields, where X is the sacrificed unit's power. Your life is needed elsewhere.",Franz Vohwinkel,3
Bugman's Rangers,Chaos Moon,22,Dwarf,Unit,3,1,3,2,1,Ranger,Hit Points: 3 Ranger. This unit gains [Power] for each Attachment support card attached to it. Their hatred for goblins is matched only by their love of a good beer.,Peter Tikos - Richard Vass,3
Bugman's Tankard,Chaos Moon,23,Dwarf,Support,1,,,2,0,Attachment,Attachment. Attach to a target [Dwarf] unit you control. Attached unit gains +1 hit points for each development in this zone.,Ben Zweifel,3
Building for War,Karaz a Karak,80,Dwarf,Quest,0,,,3,,,"Quest. Action: When this card enters play, draw a card. Quest. Action: When you play a [Dwarf] non-Attachment support card from your hand, gain 1 resource if a unit is questing here.",0 Comments,3
Building Plans,Karaz a Karak,79,Neutral,Tactic,1,,,0,,,"Limited. Action: Search the top five cards of your deck for up to two non-Attachment support cards, reveal them, and add them to your hand. Then, shuffle your deck.",Adam Lane,3
"Bule, Lord of Pus",Path of the Zealot,30,Chaos,Unit,5,3,4,3,3,Hero,"Hit Points: 4 Hero. Limit 1 Hero per zone. Forced: At the beginning of your turn, corrupt one target unit. And may the flesh forever rot from thy very bones in eternal infestation!",Michael Phillippi,1
Burial Mound,The Iron Rock,57,Neutral,Support,2,1,,0,1,Undead,"Undead. Destruction only. Lower the cost of the first card you play from your discard pile each turn by 1. ""You didn't burn the bones, did you?""",Adam Lane,3
Burlock's Ingenuity,City of Winter,81,Dwarf,Tactic,0,,,2,,,"Action: Move target development you control to a new zone. Then, you may put this card on top of your deck. The Head Guildmaster's designs have no peer.",Alexandru Sabo,3
Burn it Down,Core Set,118,Neutral,Tactic,2,,,0,,,Action: Destroy one target support card with printed cost X or lower. X is the number of developments in your battlefield.,Erfian Asafat,1
Burying the Grudge,Core Set,19,Dwarf,Tactic,0,,,2,,,Action: Gain 1 resource for each unit that entered a discard pile this turn. Grudges are best buried with the corpse of the wrongdoer.,Igor Kierylukl,1
Cackling Hexwrath,Hidden Kingdoms,32,Neutral,Unit,2,1,1,,,Undead,"- Destruction only. Necromancy. Action: When this unit enters or leaves play, discard the top 2 cards of your deck.",,
Cacophonic Scream,Arcane Fire,114,Chaos,Tactic,10,,,3,,Epic Spell,Epic Spell. Play at the beginning of your turn. Action: Deal 8 damage to one section of target capital (you choose which section).,Igor Kieryluk,1
Call for Reserves,Legends,21,Empire,Tactic,2,,,3,,,"Action: Return target unit you control to its owner's hand. Then, put into play from your hand a unit with printed cost 3 or lower.",Nacho Molina,3
Call of the Kraken,City of Winter,95,Dark Elf,Tactic,0,,,3,,,"Action: Discard a card from your hand with X loyalty to put a [Dark Elf] unit with printed cost X or lower into play from your hand. Pounding like the waves of the sea, it summons the reserves.",Adam Lane,3
Call the Blood,Path of the Zealot,34,Dark Elf,Tactic,1,,,2,,Spell,Spell. Action: Destroy one target damaged unit. Let the blood flow like a river!,Carl Frank,3
Call the Brayherd,Fiery Dawn,114,Chaos,Tactic,4,,,3,,Spell,"Spell. Play during your turn. Action: Reveal the top five cards of your deck. Put all revealed units with a printed cost of 3 or lower into your battlefield. Then, shuffle your deck.",Tom Garden,3
Called Back,The Fall of Karak Grimaz,26,Empire,Tactic,2,,,2,,,Action: Return target unit to its owner's hand. These orders demand our return to protect the rear.,Andrew Johanson,3
Calling the Council,Rising Dawn,4,Dwarf,Tactic,1,,,2,,,"Limited. Action: Search the top 5 cards of your deck for a [Dwarf] unit or legend, reveal it, and add it to your hand. Shuffle your deck. Sometimes the council starts early.",Ignacio Lazcano,3
Capture Slaves,Days of Blood,2,Dark Elf,Quest,0,,,3,,Mission,"Mission Play in any opponent's zone under your control. When you assign combat damage to this zone, you may place nay number of that combat damage on this quest instead. Forced: When the 3rd damage token is placed here, sacrifice this quest to search the top 5 cards of the defending opponent's deck for a unit and put it into play under your control in any zone. Shuffle his deck.",Vincent Devault,3
Captured Gunpowder,The Imperial Throne,119,Neutral,Support,1,,,0,0,Attachment,"Attachment. Attach to a target support card. Attached card gains [Power]. Forced: At the beginning of your turn, reveal the top card of your deck. Destroy all support cards in this zone with the same printed cost as the revealed card.",Chris Quilliams,3
Captured Mind,Battle for the Old World,57,Dark Elf,Tactic,1,,,3,,Hex,"Hex Action: Examine target opponent's hand. Then, you may play a unit from that opponent's hand (paying its printed cost but ignoring its loyalty) into any of your eligible zones under your control. You work for me now.",Adrian Smith,3
Caradryan,Assault on Ulthuan,5,High Elf,Unit,4,2,3,2,0,Hero,"Hit Points: 0 Hero. Limit 1 Hero per zone. Quest. Forced: At the beginning of your turn, look at the top 3 cards of any player's deck. You may discard up to 1 of these cards. Return the rest to the top of the deck in any order.",Illich Henriquez,
Carnosaur Rider,March of the Damned,36,Neutral,Unit,5,3,4,0,3,"Lizardmen, Order only.","Hit Points: 4 Lizardmen. Order only. Savage 3 (whenever this unit is dealt damage, it may deal 3 dmaage to target unit in any corresponding zone).",Games Workshop Ltd,3
Carroburg Cutthroats,Portent of Doom,87,Empire,Unit,4,2,2,2,2,Rogue,Hit Points: 2 Rogue. Kingdom or Quest. Action: Discard a quest from your hand to take 1 resource from target opponent. Cutting purses was only a start.,Ilich Henriquez,3
Cathedral of Sigmar,The Imperial Throne,111,Empire,Support,4,3,,5,3,Capital Center,"Capital Center. This card enters play with 4 resource tokens on it. Action: At the beginning of your turn, remove a resource token from this card. Then, if there are no resource tokens on this card, each [Empire] support card and [Empire] unit you control gains [Power] until the end of the turn.",Yoann Boissonnet,3
Caught the Scent,The Deathmaster's Dance,78,Dark Elf,Tactic,2,,,3,,,Play during your turn. Action: Look at one target opponent's hand. You may choose and discard one card from that hand. They are hiding. Loose the cold ones.,Dan Wheaton,3
Cauldron of Blood,Core Set,109,Dark Elf,Support,4,2,,1,2,Siege,"Siege. Kingdom. Forced: When this zone is attacked, deal 1 damage to one target attacking unit.",Alex Aparin,1
Cavalry Raid,Oaths of Vengeance,37,Dark Elf,Tactic,1,,,2,,Cavalry,"Cavalry. Play only on your turn. Action: Attacking and defending non-Cavalry units lose all [Power] until the end of the phase. Out of my way, whelp!",Sidharth Chaturvodi,3
Celestial Apprentice,Chaos Moon,27,Empire,Unit,2,1,2,1,1,Mage,"Hit Points: 2 Mage. Action: When a unit in this zone is dealt exactly 1 damage, deal 1 damage to target unit in any corresponding zone. I wouldn't do that, if I were you.",Tom Garden,3
Celestial Wizard,The Twin Tailed Comet,47,Empire,Unit,3,1,3,1,1,Mage,"Hit Points: 3 Mage. Action: When you play a development from your hand, put a resource token on this unit. Then, you may remove 2 resource tokens from this unit to deal 1 damage to each unit in any corresponding zone.",Ryan Barger,3
Celestial Wizard Acolyte,Faith and Steel,104,Empire,Unit,2,1,1,1,1,Mage,"Hit Points: 1 Mage. Empire only. Ambush 2. Action: When this unit ambushes, it gains Counterstrike 3 until the end of the turn.",0 Comments,3
Centigor,The Twin Tailed Comet,52,Chaos,Unit,4,3,3,2,3,Warrior,"Hit Points: 3 Warrior. Forced: At the beginning of your turn, sacrifice a development or this unit deals 1 damage to each section of your capital. Unnatural form, unnatural appetites.",Games Workshop Ltd,3
Chain Lightning,Chaos Moon,28,Empire,Tactic,2,,,3,,Spell,"Spell. Action: Destroy up to two target attacking units, each with a printed cost 3 or lower. Eenie, meenie, minie - oh, why choose? ""Mad"" Alexander Sturmisch, Celestial Wizard",Patrick McEvoy,3
Chakax,The Iron Rock,58,Neutral,Unit,4,1,2,0,1,"Hero, Lizardmen","Hit Points: 3 Hero. Lizardmen. Order only. Limit one Hero per zone. Savage 2. Action: When you play a unit with Savage from your hand, deal 1 damage to that unit.",Jason Juta,3
Chameleon Stalker,Hidden Kingdoms,3,Neutral,Unit,1,1,1,,,Lizardmen,- Lizardmen only.This unit cannot be assigned damage during your battlefield phase.,,
Chaos Dragon,Glory of Days Past,73,Chaos,Unit,7,5,5,3,5,"Creature, Dragon","Hit Points: 5 Creature. Dragon. Battlefield only. Action: When this unit attacks, discard the top card of your deck. If the discarded card is a unit, corrupt target unit in the defending zone.",0 Comments,3
Chaos Knights,Core Set,85,Chaos,Unit,5,3,4,2,3,"Knight, Cavalry","Hit Points: 4 Knight. Cavalry. ""The thick armor fused to their mutated bodies seems to swell and grow with time."" - Suriel Lianllach",James Brady,2
Chaos/Dark Elf Alliance,Core Set,126,Neutral,Support,2,1,,0,1,Banner,Banner. Destruction only. (This alliance provides both a Chaos and a Dark Elf loyalty symbol.),0 Comments,1
Chaos/Orc Alliance,Core Set,125,Neutral,Support,2,1,,0,1,Banner,Banner. Destruction only. (This Alliance provides both a Chaos and an Orc loyalty symbol.),0 Comments,1
Chapterhouse Stables,Battle for the Old World,49,Empire,Support,3,1,,1,1,Building,Building. Lower the cost of the first Knight unit you play each turn by 1. A knight isn't a knight without his trusted steed.,Henryca Chow,3
Charge of the Silver Helms,Arcane Fire,109,High Elf,Tactic,1,,,2,,,Action: One of your target units gets -1 hit points and gains [Power][Power][Power] until the end of the turn. A glittering wave of unstoppable knights...,Dan Wheaton,3
Chill Sea Watchtower,Days of Blood,4,Dark Elf,Support,1,1,,1,1,Building,"Building. If you control a non-[Dark Elf] card, sacrifice this card.",Lin Bo,3
Chillwind,Assault on Ulthuan,39,Dark Elf,Tactic,1,,,1,,Spell,"Spell. Action: Corrupt one target unit. Then, you may restore one corrupted unit. There is power in the frozen darkness.",Igor Kieryluk,
Chittering Horde,Path of the Zealot,36,Neutral,Tactic,1,,,0,,Skaven,Skaven. Destruction only. Action: Search the top five cards of your deck. You may reveal any number of Skaven cards found and put them into your hand. Shuffle the rest of the searched cards into your deck. Thousands of beady eyes...,Games Workshop Ltd,1
Choppa,Core Set,69,Orc,Support,1,,,2,0,"Attachment, Weapon",Attachment. Weapon. Attach to a target in your battlefield. Attached unit gains [Power][Power].,Mark Smith,2
Chosen of Anath Raema,Karaz a Karak,75,Dark Elf,Unit,2,1,1,2,1,Assassin,"Hit Points: 1 Assassin. Action: Corrupt this unit to choose a target unit in any corresponding zone and discard the top card of your deck. Destroy target unit if it has fewer remaining hit points than the loyalty of the discarded card. Then, if the discarded card was not a [Dark Elf] card, destroy this unit.",Magali Villeneuve,3
Chosen of the Gods,Cataclysm,39,Chaos,Tactic,2,,,2,,,"Action: Target opponent chooses a zone controlled by another player with no burned zones, if able. Burn that zone. ""All will suffer under our might."" –Archaon",Mark Molnar,3
Chosen of Tzeentch,The Skavenblight Threat,10,Chaos,Unit,3,1,2,2,1,Sorceror,Hit Points: 2 Sorceror. Quest. Action: Spend 1 resource to deal 1 damage to one target damaged unit (limit once per turn). Let change flow froth from your wounds.,Chris Trevas,
Church of Sigmar,Core Set,39,Empire,Support,2,1,,2,1,Building,Building. Kingdom. Opponents cannot target your units with card effects unless they pay an additional 1 resource per effect.,Trevor Cook,2
Citadel of Dusk,March of the Damned,13,High Elf,Support,2,1,,2,1,Building,"Building. When this card enters play, place 3 resource tokens on it. Action: Remove a resource token from this card to have it gain [Power] until the end of the turn (limit once per turn).",Tysen Johnson,3
City Gates,Core Set,40,Empire,Support,2,1,,1,1,Building,"Building. Forced: After your turn begins, place the top card of your deck into this zone as a development.",Dimitri Bielak,1
Clan Armoury,The Imperial Throne,101,Dwarf,Support,1,,,2,0,Building,"Building. If a [Dwarf] attachment would leave play, you may spend 1 resource to return it to its owners hand.",Chris Quilliams,3
Clan Eshin Mutant,Vessel of the Winds,77,Neutral,Unit,6,2,4,0,2,"Skaven, Mutant, Assassin","Hit Points: 4 Skaven. Mutant. Assassin. Destruction only. Battlefield only. This unit enters play corrupted. Action: When this unit enters or leaves play, deal 2 damage to target unit. Then, destroy that unit if it has 1 remaining hit point.",Andrew Olson,3
Clan Moulder's Elite,Tooth and Claw,57,Neutral,Unit,2,2,5,0,2,"Warrior, Skaven",Hit Points: 5 Warrior. Skaven. Destruction only. Battlefield only. This unit cannot defend.,Alex Boyd,1
Clan Rats,The Skavenblight Threat,16,Neutral,Unit,2,1,1,0,1,Skaven,"Hit Points: 1 Skaven. Destruction only. Action: Corrupt this unit to have one other target Skaven unit gain [Power] until the end of the turn. Quick, quick. You go first. I guard your tail.",Alex Boyd,
Clanrat Clawleader,Hidden Kingdoms,23,Neutral,Unit,2,1,2,,,Skaven,"- Destruction only. Action: When this unit attacks, put a Skaven unit with cost 2 or less into play as an attacker. Sacrifice that unit at the end of the turn.",,
Cloak of Feathers,March of the Damned,40,Neutral,Support,1,,,0,0,"Lizardmen, Order only, Attachment.","Attachment. Lizardmen. Order only. Attach to a target Lizardmen unit. Attached unit gains Savage 2 (whenever this unit is dealt damage, it may deal 2 damage to target unit in any corresponding zone.)",Anna Christenson,3
Clockwork Horse,Realm of the Phoenix King,23,Empire,Support,0,,,2,0,Attachment,Attachment. Attach to a target [Empire] unit. Attached unit gains Toughness 1. Action: Spend 1 resource to attach this card to target [Empire] unit.,Mike Capprotti,3
Cloud of Flies,Core Set,93,Chaos,Support,0,,,1,0,"Attachment, Spell","Attachment. Spell. Attach to a target unit you control. At the beginning of your turn, you may deal 1 uncancellable damage to this unit and to one target unit.",Michael Ivan,1
Cloying Quagmire,March of the Damned,24,Chaos,Tactic,2,,,2,,Spell,Spell. Action: Choose a target unit. Corrupt that unit and deal 2 damage to it.,Leonardo Borazio,3
Cold One Champion,The Ruinous Hordes,96,Dark Elf,Unit,4,2,3,2,2,Cavalry,"Hit Points: 3 Cavalry. Raider 2. Scout. you would dare challenge me? Very well, my beast is hungry.",Alexandre Daniche,3
Cold One Chariot,Tooth and Claw,53,Dark Elf,Unit,3,2,X,2,2,Cavalry,Hit Points: X Cavalry. X is the number of developments in this zone. The scythes and cold ones will slaughter all before us.,Eric Polak,3
Cold One Knight,Assault on Ulthuan,26,Dark Elf,Unit,3,1,3,1,1,Warrior,"Hit Points: 3 Warrior. Toughness 1 (whenever this unit is assigned damage, cancel 1 of that damage). Vicious and stupid, these reptilian creatures require a warrior of great skill to control them.",Dave Gallagher,
Cold One Riders,Core Set,108,Dark Elf,Unit,4,2,3,1,2,"Cavalry, Elite",Hit Points: 3 Cavalry. Elite. Counterstrike 1 (this unit deals 1 combat damage immediately after defending).,Dan Wheaton,1
Comet of Casandora,Signs in the Stars,72,High Elf,Tactic,2,,,3,,Spell,"Spell. Action: Reveal the top 2 cards of your deck. Deal X indriect damage to each player. X is the total printed cost of the revealed cards. Then, put the revealed cards on the bottom of your deck.",Lin Bo,3
Contested Fortress,Core Set,112,Neutral,Support,3,1,,0,1,Building,Building. Limited (you cannot play more than one limited card per turn). Cancel 1 damage to your capital each turn.,Geoff Taylor,3
Contested Stronghold,Core Set,113,Neutral,Support,4,1,,0,1,Building,Building. Limited (you cannot play more than one limited card per turn). This support gains [Power] for each of your developments in this zone.,Reid Southern,3
Contested Village,Core Set,111,Neutral,Support,1,1,,,,Building,- Limited (you cannot play more than one limited card per turn).,,
Convocation of Eagles,City of Winter,84,High Elf,Tactic,0,,,2,,,"Action: Gain 1 resource. Then, you may put this card on top of your deck. Great Eagles have an excellent sense of timing.",Jeffrey Lai,3
Corb Polyborg,Hidden Kingdoms,37,Neutral,Unit,2,1,2,,,"Creature, Mage",,,
Corpse Cart,March of the Damned,51,Neutral,Support,1,,,0,0,"Undead, Warmachine, Destruction only.",Undead. War Machine. Destruction only. Battlefield. Action: Spend 1 resource to discard the top 2 cards of your deck.,Zachary Graves,3
Corruption of Purity,The Fourth Waystone,99,Neutral,Tactic,1,,,0,,,"Destruction only. Action: Until the end of the turn, when target unit is restored, corrupt two other units in that zone. The taint spreads until it consumes everything.",Tom Garden,3
Corsair Raider,March of the Damned,28,Dark Elf,Support,2,1,,1,1,Ship,"Ship. Action: At the beginning of your turn, target unit loses [Power] until the end of the turn.",Zachary Graves,3
Corsair Tower,Cataclysm,45,Dark Elf,Support,2,1,,1,1,Building,"Building. Action: When a card is discarded from an opponent's hand, discard the top card of that player's deck.",Yoann Boissonnet,3
Corsairs of Ghrond,Assault on Ulthuan,29,Dark Elf,Unit,3,1,3,1,1,Warrior,"Hit Points: 3 Warrior. Battlefield. Forced: When this unit leaves play, one target unit gets -2 hit points until the end of the turn. The sea is cruel, but pales in comparison to these natural born killers.",Thomas Manning,
Council of Thirteen,Portent of Doom,96,Neutral,Support,2,1,,0,1,Skaven,"Skaven. Destruction only. Forced: At the beginning of your turn, discard the top card of your deck. Choose a target unit that has the same printed cost as the discarded card, if able. Until the end of the turn, if that unit is destroyed, draw 4 cards or gain 4 resources.",David A. Nash,3
Count Vlad Von Carstein,Hidden Kingdoms,28,Neutral,Legend,5,6,3,,,"Undead, Vampire","- You may play this legend from your discard pile as if he were in your hand. If you have no cards in your hand and deck, you win the game (instead of losing).",,
Countermoves,The Iron Rock,55,Dark Elf,Tactic,2,,,2,,Witch Elf,Witch Elf. Play when an opponent plays a tactic. Action: Destroy target unit. This ground is consecrated to Khaine with your blood.,Dan Wheaton,3
Countess Iseara,March of the Damned,49,Neutral,Unit,6,3,4,0,3,"Hero, Undead, Vampire. Destruction only.",Hit Points: 4 Hero. Undead. Vampire. Destruction only. Limit one Hero per zone. Action: Spend 1 resource and choose a target unit in your discard pile. That unit gains Necromancy until the end of the turn.,Francisco Rico Torres,3
Courage of Aenarion,Redemption of a Mage,69,High Elf,Tactic,1,,,2,,,Action: Restore all corrupt units that you control. The blood of kings flows in our veins!,Carolina Eade,3
Court of the Witch King,City of Winter,94,Dark Elf,Support,4,3,,5,3,Capital Center,"Capital Center. This card enters play with 4 resource tokens on it. Action: At the beginning of your turn, remove a resource token from this card. Then, if there are no resource tokens on this card, discard the top 10 cards of target opponent's deck.",Matt Zeilinger,3
Crafting the Rune,The Eclipse of Hope,83,Dwarf,Tactic,3,,,3,,Rune,"Rune. Action: Put the top card of your deck into play facedown as a development. Then, destroy target support card with cost X or lower. X is the number of developments you control.",DiMan,3
Creature Pen,Shield of the Gods,106,Orc,Support,2,1,,1,1,Location,"Location. Quest. Action: At the beginning of your turn, search the top 5 cards of your deck for a Creature unit, reveal it, and add it to your hand. Shuffle your deck.",David A. Nash,3
Crimson Brides,Cataclysm,42,Dark Elf,Unit,2,1,2,1,1,Witch Elf,"Hit Points: 2 Witch Elf. Action: Sacrifice this unit to discard 1 card at random from each opponent's hand. Being killed by a witch elf may seem unlucky, but it is better than being dragged away alive.",Dan Wheaton,3
Crone Hellebron,Days of Blood,1,Dark Elf,Legend,3,1-2-1,3,2,,,"Forced: When this legend enters play, you must burn 3 zones instead of 2 to win for the rest of the game. While this legend is participating in an attack, defending opponent must discard a card from the top of his deck for each combat damage dealt to his capital.",David Vargo,3
Crooked Teef Goblins,Core Set,56,Orc,Unit,1,1,1,1,1,"Goblin, Warrior",Hit Points: 1 Goblin. Warrior. Battlefield only. If itz shiny itz mine!,Karl Kopinski,3
Crypt Ghouls,March of the Damned,43,Neutral,Unit,2,1,1,0,1,"Undead, Warrior.","Hit Points: 1 Undead. Warrior. Destruction only. Action: When this unit leaves play, gain 2 resources. Once living men, ghouls feed on the flesh of the dead.",Ryan Barger,3
Cube of Darkness,Karaz a Karak,77,Neutral,Tactic,2,,,0,,Lizardmen,Lizardmen. Order only. Play only if you control a Lizardmen unit. Action: Cancel an Action just triggered by a card in play. That Action may not be triggered for the rest of the turn.,Andrew Olson,3
Culling the Weak,Core Set,104,Chaos,Tactic,2,,,1,,,Action: Sacrifice a unit to have all units in your battlefield gain [Power] until the end of the turn.,Chris Trevas,1
Cultist of Slaanesh,Core Set,86,Chaos,Unit,2,1,1,1,1,Zealot,Hit Points: 1 Zealot. Quest. Action: Spend 4 resources to destroy one target development. You feel most alive at the brink of death.,Mark Molnar,1
Curse of the Leper,Redemption of a Mage,74,Chaos,Support,1,,,2,0,"Attachment, Disease",Attachment. Disease. Attach to a target unit. Treat each damage on attached unit as 2 damage. May the flesh fall from your bones.,Mike Capprotti,3
Curse of Years,Legends,54,Neutral,Support,2,,,0,0,"Undead, Attachment, Spell.","Undead. Attachment. Spell. Destruction only. Attach to a target unit. Attached unit gets -1 hit points for each resource token on this card. Action: At the beginning of its controller's turn, put a resource token on this card.",Matthew Starbuck,3
Cut Supply Lines,Core Set,128,Neutral,Draft,,,,,,,,,
Da Brainbusta!,Arcane Fire,111,Orc,Tactic,10,,,3,,Epic Spell,"Epic Spell. Play at the beginning of your turn. Action: Destroy all opponents' units. Uh, oh, dat shaman's got too much WAAAGH! in 'im. He's gonna blow!",Ryan Barger,1
Da Great Leader,Fragments of Power,26,Orc,Tactic,3,,,2,,,Play only if you control a legend or Artefact support card. Action: Each [Orc] unit you control gains [Power][Power] until the end of the turn.,Ignacio Lazcano,3
Da Great Waaagh!,Battle for the Old World,42,Orc,Quest,0,,,3,,Mission,"Mission. Play in any opponent's zone under your control. When you assign combat damage to this zone, you may place any number of that combat damage on this quest instead. Forced: When the 3rd damage token is placed here, sacrifice this quest to gain an additional battlefield phase this turn after the current battlefield phase.",Ryan Barger,3
Da Immortulz,Vessel of the Winds,66,Orc,Unit,4,2,4,1,2,Bodyguard,Hit Points: 4 Bodyguard. This unit can attack or defend (from any zone) whenever an [Orc] legend you control attacks or defends. Da immortulz neva die wifout a fight!,Sam Flegal,3
Daemon Prince,The Imperial Throne,114,Chaos,Unit,0,4,4,3,4,Daemon,Hit Points: 4 Daemon. Battlefield only. This unit cannot be declared as an attacker or defender unless it has exactly 3 resource tokens on it. Action: Sacrifice a unit to put a resource token on this unit.,Timo Karhula,3
Daemon Summoner,Faith and Steel,114,Chaos,Unit,2,1,2,2,1,Cultist,Hit Points: 2 Cultist. Action: Sacrifice this unit to play a Daemon unit from your hand into this zone. That unit's cost is lowered by 2. Fanatical cultists who offer their lives to the dominion of chaos.,0 Comments,3
Daemonic Offering,Hidden Kingdoms,49,Chaos,Support,0,,,,,Tribute,- Non-Chaos only. Action: Sacrifice this card to ignore the loyalty cost of the next Chaos card you play this turn.,,
Daemonslayer,The Twin Tailed Comet,41,Dwarf,Unit,4,2,4,2,2,Slayer,"Hit Points: 4 Slayer. Toughness X. X is the number of resource tokens on this unit. Action: When you play a development from your hand, put a resource token on this card.",Jarreau Wimberly,3
Daemonsword,Warpstone Chronicles,95,Chaos,Support,2,,,1,0,"Attachment, Relic","Attachment. Relic. Attach to a target [Chaos] unit. Corrupt that unit. Attached unit gains [Power][Power][Power] and gets +2 hit points. A potent weapon, provided you can prevent the daemon within from consuming you.",Mark Smith,1
Dance to Loec,Fragments of Power,37,Neutral,Tactic,0,,,0,,Wood Elf,"Wood Elf. Order only. Action: Play this card as a development (it does not count against your development limit). The intricate patterns weave a tapestry of skin and shadow, war and flame.",Magali Villeneuve,3
Danse Macabre,Signs in the Stars,80,Neutral,Tactic,2,,,0,,"Undead, Spell",Undead. Spell. Destruction only. Action: Target unit gets -1 hit points until the end of the turn for each Undead unit in your discard pile.,Ignacio Lazcano,3
Dark Abyss,The Fall of Karak Grimaz,39,Neutral,Support,2,1,,0,1,Location,"Location. Action: At the beginning of your turn, discard the top card of target player's deck. The void shall consume everything.",Dimitri Bielak,3
Dark Acolyte,Hidden Kingdoms,31,Neutral,Unit,3,1,3,,,"Undead, Vampire",- Destruction only.This unit gains the power of the topmost unit in your discard pile.,,
Dark Blessing,Fiery Dawn,116,Dark Elf,Tactic,2,,,2,,Spell,Spell. Action: Discard the top card of your deck to have target unit gain [Power] equal to the printed cost of the discarded card. Great sacrifices bring great rewards.,Fergus Duggan,3
Dark Covenant,Cataclysm,46,Dark Elf,Support,1,,,3,0,"Hex, Attachment","Hex. Attachment. Attach to a target unit. If a card would be discarded at random from the hand of attached unit’s controller, you may instead look at that hand and choose and discard 1 card.",Christina Davis,3
Dark Elf Assassin,Legends,39,Dark Elf,Unit,3,1,2,2,1,Warrior,"Hit Points: 2 Warrior. If you control a legend, this unit gains ""Action: When this unit attacks, destroy target damaged unit.""",Games Workshop Ltd,3
Dark Elf Infiltrator,Omens of Ruin,16,Dark Elf,Unit,2,1,2,1,1,Warrior,"Hit Points: 2 Warrior. Action: When this unit enters play, take up to 2 resources from target opponent. Silent as a shadow, deadly as a knife in the dark.",Illich Henriquez,3
Dark Initiate,Assault on Ulthuan,22,Dark Elf,Unit,1,1,1,1,1,Priest,Hit Points: 1 Priest. This unit does not count its power unless you have at least 2 developments in this zone. This I do in Khaine's name!,Cory Turner,
Dark Riders,Path of the Zealot,33,Dark Elf,Unit,4,1,4,1,1,Cavalry,Hit Points: 4 Cavalry. This unit gains [Power] while any unit in play is corrupted. Black steeds carrying cruel warriors.,Stefan Kopinski,3
Dark Sorceress,Assault on Ulthuan,28,Dark Elf,Unit,4,2,2,2,2,Sorcerer,"Hit Points: 2 Sorcerer. Reduce the cost to play this unit by 1 for each corrupted unit controlled by your opponents. She speaks to the shadows, and they answer her call.",Daarken,
Dark Visions,Assault on Ulthuan,38,Dark Elf,Tactic,1,,,2,,Spell,"Spell. Play during your turn. Action: Search the top 5 cards of your deck for a card and put it into your hand. Then, shuffle your deck. Khaine reveals all to those willing to listen.",Clint Langley,
Dark Zealot,Core Set,91,Chaos,Unit,3,1,3,1,1,Zealot,Hit Points: 3 Zealot. Let me introduce you to... pain!,Clint Langley,2
Dat's Mine,Tooth and Claw,50,Orc,Quest,0,,,2,,,Quest. You may spend resources from this card to pay for Attachment cards that are played from your hand. Quest. Forced: Place 1 resource token on this card at the beginning of your turn if a unit is questing here.,Games Workshop Ltd,1
Dawnstar Sword,Rising Dawn,1,Neutral,Support,4,,,0,0,"Artefact, Weapon",Artefact. Weapon. Attach to a target Hero or legend you control. This card cannot be targeted by card effects. Attached Hero or legend gains [Power][Power][Power][Power][Power] while in combat and takes 2 damage if it survives combat.,Lin Bo,3
Dead-Eye Cannon Crew,Battle for the Old World,46,Dwarf,Unit,5,3,4,2,3,War Machine,"Hit Points: 4 War Machine. Battlefield only. Action: When this unit attacks, sacrifice X developments to destroy target non-Attachment support card in the attacked zone. X is the support card's cost.",0 Comments,3
Deadly Salamander,The Eclipse of Hope,99,Neutral,Unit,4,2,3,0,2,"Lizardmen, Creature","Hit Points: 3 Lizardmen. Creature. Order only. Savage 2 (whenever this unit is dealt damage, it may deal 2 damage to target unit in any corresponding zone). Action: When this unit is opposed in combat, deal 1 damage to each attacking and defending unit.",Christopher Burdett,3
Death in the Shadows,Shield of the Gods,116,Neutral,Tactic,1,,,0,,Skaven,"Skaven. Destruction only. Action: Corrupt a Skaven unit you control to deal 1 damage to target unit. Then, if that unit has 1 remaining hit point, destroy it.",Cristi Balanescu,3
Deathmaster Sniktch,The Deathmaster's Dance,79,Neutral,Unit,4,2,2,0,2,"Hero, Skaven","Hit Points: 2 Hero. Skaven. Limit one Hero per zone. Destruction only. Action: Corrupt this unit to destroy one target unit with fewer hit points than the number of Skaven cards in play. Slay kill. Poison does for man-thing, point-ear, and dwarf-thing alike.",Jorge Maese,1
Ded 'Ard,The Ruinous Hordes,95,Orc,Tactic,0,,,3,,,Action: Cancel an Action just triggered that targets a damaged unit you control. You'z no betta den a bitty gobbo!,Filip Burburan,3
Ded Scary Boy,Battle for the Old World,44,Orc,Unit,3,1,3,1,1,Berserker,"Hit Points: 3 Berserker. Orc only. Ambush 2. Action: When this unit ambushes, it takes 1 damage. Then, units with no damage lose [Power][Power] until the end of the phase. You'z a ded 'umie now!",0 Comments,3
Defend the Border,Core Set,43,Empire,Quest,0 +,,,,,,"- Quest. While Defend the Border has 3 or more resource tokens on it, redirect the first point of damage done to your capital each turn to another target unit or capital. Quest. Forced: Place 1 resource token on this card at the beginning of your turn if a unit is questing here.",,
Defend Tor Aendris,Assault on Ulthuan,11,High Elf,Quest,2,,,1,,,"Quest. Any unit questing here may defend any zone. Quest. You may spend resources on this quest to pay for cards and effects. Quest. Forced: At the end of any turn in which the questing unit defended, place 2 resource tokens on this card.",Karl Kopinski,
Defend Your Honor!,Hidden Kingdoms,39,Dwarf,Tactic,0 +,,,,,,- Action: Defending Dwarf units gain Toughness X until the end of the turn. X is the number of defending units.,,
Defender of the Hold,Core Set,1,Dwarf,Unit,1,1,1,1,1,Warrior,"Hit Points: 1 Warrior. Battlefield only. My blood for the hold, 'tis a fair trade.",Clint Langley,3
Demolition!,Core Set,23,Dwarf,Tactic,2,,,1,,,Action: Destroy one target support card or development. KABOOM!,Caravan Studio,1
Demoralise,Core Set,46,Empire,Tactic,0 +,,,,,,- Action: One target unit loses [PP] until the end of the turn.,,
Den of Iniquity,Omens of Ruin,14,Chaos,Support,2,1,,2,1,Building,Building. Units in a zone with no developments enter play corrupted.,Federico Piatti,3
Derricksburg Forge,The Burning of Derricksburg,5,Empire,Support,2,1,,1,1,Building,"Building. Kingdom. Action: When this card enters play, gain 1 resource. Quest. Action: When this card enters play, draw a card.",Chase Toole,3
Descendant of Gods,Fragments of Power,36,Neutral,Support,3,0,,0,0,"Attachment, Condition",Attachment. Condition. Attach to a target legend. Attached legend gets +4 hit points and can defend any of your zones.,Magali Villeneuve,3
Descendant of Indraugnir,The Silent Forge,46,High Elf,Unit,6,4,4,3,4,Dragon,"Hit Points: 4 Dragon. Action: When this unit attacks, deal 4 indirect damage to each opponent (players allocate their own indirect damage).",Sandara Tang,3
Desecrated Temple,Chaos Moon,33,Chaos,Support,2,1,,1,1,Building,"Building. Action: When a [Chaos] unit you control leaves play, destroy target development. Your gods are weak and your empire doomed. Bow to Chaos!",Simon Dominic,3
Desertion,City of Winter,99,Neutral,Tactic,1,,,0,,,Limited. Action: Each player sacrifices a neutral card he controls (you choose first). War is a heavy burden.,Yoann Boissonnet,3
Devoted to Taal,Battle for the Old World,48,Empire,Tactic,0,,,1,,,"Limited. Action: Take target experience attached to a unit or legend you control into your hand. Then, attach this card facedown to that unit or legend as an experience.",David Nash,3
Devotee of Chamon,The Imperial Throne,105,Empire,Unit,2,1,1,1,1,Mage,"Hit Points: 1 Mage. Action: Deal 1 uncancellable damage to a Mage unit you control. Then, this unit gains [Power] until the end of the turn. Lend me your aid.",Illich Henriquez,3
Dey'z Bigga,Fiery Dawn,105,Orc,Tactic,1,,,3,,,"Action: Each unit with the highest printed cost cannot be targeted by card effects until the end of the turn. Da orc what fights an' runz away can alwayz come back f'r anudder go, see?",Jason Juta,3
Dis Stuff Burns Gud,The Fourth Waystone,90,Orc,Tactic,3,,,2,,,"Action: Sacrifice a unit to destroy target Building support card. Then, each player takes 3 indirect damage (players allocate their own indirect damage). Wunda wut dis black powda dus?",Mark Smith,3
Disc of Tzeentch,Karaz a Karak,74,Chaos,Support,0,,,3,0,"Attachment, Creature","Attachment. Creature. Attach to a target [Chaos] unit. While attached unit is corrupted, it gains [Power] and may attack from any zone.",Illich henriquez,3
Disciple of Khaine,Core Set,106,Dark Elf,Unit,3 +,1,3,,,"Warrior, Priest",- Action: Spend 2 resources to redirect one combat damage just assigned to this unit to another target unit.,,
Disciple of Malekith,The Fourth Waystone,94,Dark Elf,Unit,5,3,3,2,3,"Warrior, Elite","Hit Points: 3 Warrior. Elite. Action: When an opponent discards one or more cards from his hand, this unit gains [Power] until the end of the turn. A scream in the night, a blade in the back, these are the things of art.",Kaya,3
Disgraced Champion,Redemption of a Mage,73,Chaos,Unit,3,1,1,1,1,Warrior,"Hit Points: 1 Warrior. Action: When this unit is destroyed, deal 2 damage to target unit. I was once just like you...",Ryan Barger,3
Distribute the Spoils,Oaths of Vengeance,29,Empire,Tactic,0,,,3,,,Play only if you just dealt combat damage to an opponent's capital. Action: Attach 2 experience to target attacking unit.,Even Mehl Amundsen,3
Do You Know Who I Am?,The Burning of Derricksburg,8,High Elf,Tactic,3,,,2,,,Action: Each non-[High Elf] unit in play loses [Power] until the end of the turn. Do not bother me.,Carolina Eade,3
Dominion of Chaos,The Ruinous Hordes,82,Chaos,Quest,0,,,3,,Mission,"Mission. Play in any opponent's zone under your control. When you assign combat damage to this zone, you may place any number of that combat damage on this quest instead. Forced: When the 3rd damage token is placed here, sacrifice this quest to corrupt up to 3 target units.",Karl Christenson,3
Doom Bearer,The Inevitable City,5,Chaos,Unit,2,0,2,1,0,Standard Bearer,"Hit Points: 2 Standard Bearer. Action: When a unit enters this zone, corrupt target unit you control. A morbid collection of skin and bone.",Diego Gisbert,3
Doom Divers,Core Set,65,Orc,Unit,4 +,2,2,,,Goblin,"- Battlefield. Forced: After your turn begins, each player must either sacrifice a development or deal 1 damage to each section of his capital.",,
Doom-Seeker,Faith and Steel,106,Dwarf,Unit,2,1,2,2,1,Slayer,"Hit Points: 2 Slayer. Action: When this unit survives an attack on an opponent's zone, sacrifice this unit to destroy target support card in that zone.",0 Comments,3
Doombull,Chaos Moon,32,Chaos,Unit,3,1,2,1,1,Warrior,"Hit Points: 2 Warrior. Action: When this unit leaves play, deal 4 damage to target unit in any corresponding zone. Steady, lads. He can't get past us if we hold the line! - Sergeant Feipel, last words",Marco Caradonna,3
Doomsayer of Morr,Redemption of a Mage,80,Neutral,Unit,3,1,3,0,1,Warrior,"Hit Points: 3 Warrior. Order only. Action: When an opponent's unit is destroyed, draw a card. There is much power in death.",Rod Pereira,3
Doors of Karak Hirn,Days of Blood,6,Dwarf,Support,3,1,,3,1,Fortification,"Fortification. This zone cannot be attacked, unless each other zone you control is burning. Once the doors are shut, nobody gets in.",Alyn Ware Spiller,3
Doubling of the Guard,The Imperial Throne,112,Empire,Tactic,1,,,2,,,"Action: Discard a card from your hand with X loyalty to draw X cards. ""Zzzzzzzz."" - words preceding a well-aimed kick from a superior",Igor Kieryluk,3
Douse the Flames,The Fourth Waystone,84,Empire,Tactic,0,,,2,,,Action: Move 1 damage from one target unit to another target unit. Where's a bright wizard when you need one?,Erik Gist,3
Dragon Armour,Bleeding Sun,109,High Elf,Support,2,,,2,0,Attachment,"Attachment. Attach to a target [High Elf] unit. Action: When attached unit defends, draw a card.",Andrew Johanson,3
Dragon Caller,Realm of the Phoenix King,24,High Elf,Unit,1,,1,2,0,Musician,Hit Points: 1 Musician. Dragon units you control in any zone may defend this zone. Help is on the way.,Jen Zee,3
Dragon Mage Wakening,Assault on Ulthuan,12,High Elf,Support,0,0,,1,0,Attachment,Attachment. Attach to a target unit. Attached unit gets +3 hit points. The dreams led me to my calling. Now they lead me to war!,Marco Caradonna,
Dragon Prince,Assault on Ulthuan,9,High Elf,Unit,4,1,4,2,1,Warrior,"Hit Points: 4 Warrior. Forced: After Dragon Prince enters play from your hand, each player chooses up to 2 units in his battlefield. All other units in that zone are sacrificed. At one with the beasts they ride, the Dragon Princes are warriors without peer.",Daarken,
Dragon's Lair,Chaos Moon,30,High Elf,Support,4,2,,2,2,Building,"Building. Action: At the beginning of your turn, put a resource token on this card. Then, you may remove 2 resource tokens on this card to search the top five cards of your deck for a Dragon unit and put it into play. Then, shuffle your deck.",Jon Bosco,3
Dragonmage,Tooth and Claw,46,High Elf,Unit,5,2,3,3,2,"Mage, Elite","Hit Points: 3 Mage. Elite. Whenever this unit is assigned damage, cancel all but 1 of that damage. My dreams brought me to the dragon Galandwhir.",Sandara Tang Sin Yun,1
Dragonslayer,Warpstone Chronicles,81,Dwarf,Unit,4,2,1,2,2,"Slayer, Toughness 2","Hit Points: 1 Slayer. Toughness 2 (whenever this unit is assigned damage, cancel 2 of that damage). When you attack during your battlefield phase, this unit may attack from your quest zone.",Michael Phillippi,3
Drain Magic,The Silent Forge,48,High Elf,Tactic,1,,,2,,Spell,Spell. Action: Cancel a Spell card just played. Let the winds of magic drain away.,Carolina Eade,3
Drakenhof Castle,The Accursed Dead,56,Neutral,Support,3,2,,0,2,"Undead, Location",Undead. Location. Destruction only. Action: Move a non-Undead unit in any player's discard pile to the bottom of his deck to cancel the next 2 damage assigned to target Undead unit this turn.,Michael Rasmussen,3
Dreadfire Portal,Cataclysm,54,Neutral,Fulcrum,1,,,0,,,"Forced: When this fulcrum is channeled, destroy the unit channeling here and steal 1 dominance from target player.",Lino Drieghe,1
Dreamer of Dragons,Redemption of a Mage,68,High Elf,Unit,3,1,3,1,1,"Mage, Elite","Hit Points: 3 Mage. Elite. Action: This unit takes 1 uncancellable damage. If it does, it gains [Power] until the end of the turn. I am plagued by dreams of fire and blood!",Jen Zee,3
Dreams Uv Conkwest,Signs in the Stars,66,Orc,Quest,0,,,2,,,"Action: When you play a development from your hand, put a resource token on this card if a unit is questing here. Action: Discard X resource tokens on this card to move X damage from your capital to target unit you control.",Jason Juta,3
Drowned Zombies,March of the Damned,45,Neutral,Unit,3,1,2,0,1,"Undead, Warrior.","Hit Points: 2 Undead. Warrior. Destruction only. Necromancy. Action: When this unit enters play, target development becomes a unit with 2 hit points and [Power] until the end of the turn. It also counts as a development.",Karl Kopinski,3
Druchii Noble,The Burning of Derricksburg,16,Dark Elf,Unit,3,1,3,2,1,"Elite, Noble","Hit Points: 3 Elite. Noble. Action: When this unit attacks, it gains [Power] and target unit loses [Power] until the end of the turn. Dispose of this slave, it seems to have broken.",John Wigley,3
Drycha,Signs in the Stars,78,Neutral,Unit,4,2,3,0,2,"Hero, Wood Elf, Forest Spirit","Hit Points: 3 Hero. Wood Elf. Forest Spirit. Order only. Limit one Hero per zone. Action: When this unit attacks, spend 2 resources to have it gain power equal to the number of developments in this zone until the end of the turn.",Oleg Saakyan,3
Duelist Training,Fiery Dawn,109,Empire,Support,3,,,2,0,Attachment,Attachment. Attach to a target unit you control. Attached unit gains Counterstrike 4 (this unit deals 4 combat damage immediately when defending).,BANE,3
Duregan Thorgrimson,The Fourth Waystone,81,Dwarf,Unit,4,2,5,2,2,Hero,"Hit Points: 5 Hero. Limit one Hero per zone. Action: At the beginning of your turn, this unit deals damage equal to its power to target unit. Then, the target unit deals damage equal to its power to this unit.",Mark Smith,3
Durgnar the Bold,Core Set,6,Dwarf,Unit,3 +,2,2,,,"Hero, Warrior",- Limit one Hero per zone. This unit gains [PP] while one section of your capital is burning.,,
Dwarf Adventurer,Shield of the Gods,103,Dwarf,Unit,3,1,2,1,1,Rogue,"Hit Points: 2 Rogue. Quest. While this unit is questing, opponents' units cost 1 additional resource to play. Not so friendly, is it.",Anna Ignatieva,3
Dwarf Cannon Crew,Core Set,8,Dwarf,Unit,2 +,1,2,,,Engineer,"- Forced: When this unit enters play, search the top five cards of your deck for a support card with cost 2 or lower. You may put that card into this zone. Then, shuffle your deck.",,
Dwarf Embassy,Hidden Kingdoms,40,Dwarf,Support,0,,,,,Tribute,- Non-Dwarf only. Action: Sacrifice this card to ignore the loyalty cost of the next Dwarf card you play this turn.,,
Dwarf Masons,Core Set,9,Dwarf,Unit,3 +,1,3,,,Engineer,"- Forced: After this unit enters play, put the top card of your deck facedown into this zone as a development.",,
Dwarf Miner,Path of the Zealot,21,Dwarf,Unit,2,1,1,1,1,Engineer,"Hit Points: 1 Engineer. Forced: After this unit enters play, heal up to 2 damage from this zone's section of your captal. I reckon this tunnel'll take us directly beneath 'em, lads!",Michael Phillippi,3
Dwarf Ranger,Core Set,10,Dwarf,Unit,3 +,1,2,,,Ranger,"- Scout. Quest. Forced: After one of your other [Dwarf] units leaves play, deal 1 damage to one target unit or capital.",,
Dwarf Slaves,The Silent Forge,54,Dark Elf,Unit,2,1,2,1,1,Slave,"Hit Points: 2 Slave. Action: When this unit enters play, put the top card of your deck into this zone as a development. Faster thick beast! This defense must be built!",John Wigley,3
Dwarf Thunderer,Legends,5,Dwarf,Unit,4,2,5,2,2,"Warrior, Elite","Hit Points: 4 Warrior. Elite. If you control a legend, this unit gains Toughness 2.",Rio Sabda,3
Dwarf/Empire Alliance,Core Set,122,Neutral,Support,2,1,,0,1,Banner,Banner. Order only. (This Alliance provides both a Dwarf and an Empire loyalty symbol.),0 Comments,1
Dwarf/High Elf Alliance,Core Set,124,Neutral,Support,2,1,,0,1,Banner,Banner. Order only. (This Alliance provides both a Dwarf and a High Elf loyalty symbol.),0 Comments,1
Easy Pickin's,Arcane Fire,112,Orc,Tactic,2,,,1,,,Action: The unit in play with the lowest printed cost must be sacrificed. You choose which unit in case of a tie. I'm 'ungry. You look tasty...,Paul [Prof] Herbert,3
Eataine War Room,Realm of the Phoenix King,32,High Elf,Support,3,2,,5,2,Capital Center,"Capital Center. This card enters play with 4 resource tokens on it. Action: At the beginning of your turn, remove a resource token from this card. Then, if there are no resource tokens on this card, deal 10 indirect damage to target opponent.",Lake Hurwitz,3
Eatine Harbour,Omens of Ruin,11,High Elf,Support,2,1,,2,1,Building,Building. Units in a zone with no developments lose all triggered abilities.,David A. Nash,3
Echoes of Magic,Vessel of the Winds,71,High Elf,Tactic,0,,,2,,Spell,"Spell. Action: Put a just played quest on the bottom of its owner's deck. The stirring of Hysh and Chamon. The creeping of Ulgu and Ghur. The waxing of Azyr and Aqshy. And the soft tug of Shyish and Ghyran, echoing all around.",Sandara Tang,3
Effulgent Boils,The Fall of Karak Grimaz,34,Chaos,Support,1,,,2,0,"Attachment, Disease",Attachment. Disease. Attach to a target unit. Corrupt that unit. Attached unit cannot be restored. Nurgle's blessing covering your body.,Mike Capprotti,3
Egathrond,City of Winter,88,Dark Elf,Unit,4,2,4,3,2,Hero,"Hit Points: 4 Hero. Limit one Hero per zone. Action: When this unit attacks, destroy target development or Fortification card in the defending zone.",Magali Villeneuve,3
Elkana,Vessel of the Winds,74,Dark Elf,Unit,4,2,2,2,2,"Commander, Raider",Hit Points: 2 Commander. Raider. Action: Remove 1 resource token form a Black Ark support card you control to have target unit gain [Power] until the end of the turn. The sea is a cruel mistress. Let me show you just how cruel.,Magali Villeneuve,3
Ellyrian Elite,Shield of the Gods,109,High Elf,Unit,4,2,4,3,2,"Cavalry, Elite","Hit Points: 4 Cavalry. Elite. Scout. Unmatched in speed and vigor, Ellyrian reavers will ride into the jaws of death, and emerge to ride again.",Carolina Eade,3
Ellyrian Knight,Legends,24,High Elf,Unit,3,1,3,1,1,"Warrior, Calvary","Hit Points: 3 Warrior. Calvary. If you control a legend, this unit gains Counterstrike 2.",Chun Lo,3
Ellyrian Patron,Fragments of Power,29,High Elf,Unit,2,1,2,1,1,Noble,"Hit Points: 2 Noble. Action: When this unit enters play, search the top 5 cards of your deck for a quest and put it into play. Shuffle your deck.",Sandara Tang,3
Ellyrian Reavers,Arcane Fire,107,High Elf,Unit,3,1,3,1,1,"Warrior, Elite","Hit Points: 3 Warrior. Elite. Forced: When this unit enters play, put the top card of your deck into your battlefield as a development. Fast and fierce mounted warriors.",Liu Yang,3
Eltharion the Grim,Rising Dawn,2,High Elf,Legend,6,2,4,4,,,"Action: Put 1 resource token on target [High Elf] card you control. (Limit once per turn.) Action: Remove 3 resource tokens from [High Elf] cards you control to (choose 1): deal 5 indirect damage to target opponent, gain 3 resources, or cancel an Action that targets a [High Elf] unit you control.",Magali Villeneuve,3
Elven Embassy,Hidden Kingdoms,46,High Elf,Support,0,,,,,Tribute,- Non-High Elf only. Action: Sacrifice this card to ignore the loyalty cost of the next High Elf card you play this turn.,,
Elven Scout,Karaz a Karak,73,High Elf,Unit,1,1,1,3,1,Ranger,"Hit Points: 1 Ranger. Action: When this unit enters or leaves play, put a resource token on a card with a resource token on it. Information is an army's first defence.",Games Workshop Ltd.,3
Elven Steed,Legends,27,High Elf,Support,1,,,2,0,Attachment,"Attachment. Attach to a target unit you control. Attached unit gains +3 hit points. If attached unit leaves play, you may spend 2 resources to return Elven Steed to its owner's hand.",Taufiq & Lius Lasahido,3
Elven Warship,March of the Damned,14,High Elf,Support,3,1,,1,1,Ship,"Ship. Action: At the beginning of your turn, deal 2 indirect damage to target opponent (players allocate their own indirect damage).",Jake Masbruch,3
Embers to Inferno,The Silent Forge,53,Chaos,Tactic,1,,,2,,,Action: Destroy target unit or support card in any burning zone. Tzeentch's flames consume all.,Marco Caradonna,3
Emperor's Chosen,Rising Dawn,7,Empire,Unit,2,1,2,3,1,"Warrior, Knight","Hit Points: 2 Warrior. Knight. Action: When this unit enters a zone, it gains [Power] and Counterstrike 3 until the end of the turn. Duty to the Empire, even unto death.",Jasper Sandner,3
Empire/High Elf Alliance,Core Set,123,Neutral,Support,2,1,,0,1,Banner,Banner. Order only. (This Alliance provides both an Empire and a High Elf loyalty symbol.),0 Comments,1
Empty the Hold,The Deathmaster's Dance,62,Dwarf,Tactic,4,,,1,,,"Action: Search the top five cards of your deck. You may put into play (in any zone) one unit found amongst those cards with printed cost 3 or lower. Then, shuffle your deck. Every dwarf to your posts. We've greenskins to kill!",Franz Vohwinkel,1
Emptying the Wastes,The Twin Tailed Comet,54,Chaos,Quest,0,,,2,,,"Action: When you play a development from your hand, put a resource token on this card if a unit is questing here. Action: Discard 2 resources on this card to reveal the top card of your deck. If the revealed card is a unit, add it to your hand. Otherwise, put it on the bottom of your deck.",Games Workshop Ltd,3
End Times,Faith and Steel,120,Neutral,Tactic,10,,,0,,Epic Spell,Epic Spell. Limited. Play only on your turn. Lower the cost to play this card by 1 for each card in your discard pile. Action: Each player shuffles the top 10 cards of his discard pile into his deck. Each player reveals the top 10 cards of his deck and puts each unit revealed into play in any zone. Discard the rest.,Daarken,3
Enraged Manticore,Signs in the Stars,76,Dark Elf,Unit,6,3,5,3,3,Creature,"Hit Points: 5 Creature. While attacking, this unit gains [Power][Power][Power] if there are 3 or more developments in the defending zone.",Vaello Bertol,3
Enraged Varghulf,March of the Damned,47,Neutral,Unit,4,2,3,0,2,"Undead, Creature.","Hit Points: 3 Undead. Creature. Destruction only. Action: When this unit attacks, it gains [Power] equal to the total [Power] of target unit in the defending zone.",E. M. Gist,3
Enslave the World,Rising Dawn,19,Dark Elf,Quest,2,,,3,,Epic,"Epic. Quest. Action: Put 1 resource token on this card at the beginning of your turn if a unit is questing here. Quest. Action: Remove resource tokens from this card equal to the number of units in target opponent's discard pile.  If you do, put all units in that opponent’s discard pile into play in any of your zones (you may split them up), corrupted. Then, sacrifice this card.",Games Workshop Ltd,3
Entropy,The Burning of Derricksburg,19,Neutral,Tactic,1,,,0,,Destruction only,Destruction only. Action: Discard the top two cards of target player's deck. In a world torn apart.,Erik Gist,3
Envoy from Averlorn,Assault on Ulthuan,1,High Elf,Unit,1,1,1,1,1,Messenger,Hit Points: 1 Messenger. Quest zone only. Salutations from the Phoenix King.,Anton Kokarev,
Errant Wolf,Tooth and Claw,58,Neutral,Unit,2,2,1,0,2,Knight,Hit Points: 1 Knight. Order only. Quest zone only. Limited (you cannot play more than one limited card per turn).,Jaime Carillo,1
Esli'an,The Silent Forge,52,Chaos,Unit,3,1,3,2,1,"Hero, Cultist","Hit Points: 3 Hero. Cultist. Limit one Hero per zone. Action: When this unit attacks, corrupt target unit in the defending zone. May your change be pleasant.",Ryan Barger,3
Eternal Guard,Hidden Kingdoms,12,Neutral,Unit,2,1,2,,,Wood Elf,- Order only.Each opponent cannot target developments in this zone with card effects unless he discards 1 card from his hand per effect.,,
Evil Alliance,Redemption of a Mage,79,Neutral,Support,2,1,,0,1,Banner,"Banner. Destruction only. Limited (you cannot play more than one limited card per turn). (This Alliance provides a Chaos, a Dark Elf, and an Orc Loyalty symbol.)",0 Comments,3
Expendable Wall,The Iron Rock,48,Orc,Support,0,,,3,0,Fortification,"Fortification. When this card enters play, sacrifice a unit in this zone or destroy this card. Action: If this zone's section of your capital would be dealt damage, destroy this card instead.",Jason Juta,3
Extending the Wastes,The Burning of Derricksburg,15,Chaos,Quest,0,,,2,,Quest,Quest. Action: Discard X resource tokens from this card to corrupt target unit with printed cost X or less. Quest. Forced: Place 1 resource token on this card at the beginning of your turn if a unit is questing here.,Adrian Smith,3
Eye for Cruelty,The Fourth Waystone,96,Dark Elf,Tactic,0,,,2,,Spell,"Spell. Action: Until the end of the turn, when target unit is healed, destroy that unit instead. Your scars call out to me.",Igor Kieryluk,3
Eye of Sheerian,Portent of Doom,81,Neutral,Support,4,,,0,0,"Artefact, Portent",Artefact. Portent. Destruction only. Attach to a target Hero or legend you control. This card cannot be targeted by card effects. Action: Corrupt this card to look at the top 5 cards of target player's deck. Discard up to 2 of those cards and return the rest to the top of the deck in any order.,Lin Bo,3
Fanatic Frenzy,The Fall of Karak Grimaz,32,Orc,Tactic,1,,,2,,,"Action: Target unit in your battlefield gains [Power] for each damaged unit you control. Sacrifice that unit at the end of the turn. Whirling balls of death, smashing friend and foe alike.",Mark Molnar,3
Favour of Mork,Core Set,77,Orc,Tactic,1,,,2,,Spell,Spell. Action: One target unit loses [Power] and another target unit gains [Power] until the end of the turn.,Brad Rigney,3
Fearless in Battle,Faith and Steel,107,Dwarf,Tactic,1,,,3,,Slayer,"Slayer. Action: Until the end of the phase, each Slayer unit you control deals +1 damage in combat and gains Toughness 1. Slayers don't fear dying. They seek foes worthy of their death.",0 Comments,3
Fellblade,Warpstone Chronicles,100,Neutral,Support,2,,,0,0,"Attachment, Relic, Skaven","Attachment. Relic. Skaven. Attach to a target Skaven unit. Corrupt that unit. Whenever a unit is corrupted, place 1 resource token on this card. Attached unit deals +X damage in combat, where X is the number of resource tokens on this card.",Jorge Maese,1
Fervent Disciple,Cataclysm,20,Empire,Unit,3,1,3,1,1,Priest,"Hit Points: 3 Priest. If this zone is not burning, this unit deals +2 damage in combat. The followers of Myrmidia show their zeal on the battlefield.",Tom Garden,3
Festering Nurglings,Core Set,83,Chaos,Unit,2,1,2,1,1,Daemon,"Hit Points: 2 Daemon. Forced: After this unit enters play, corrupt one target unit in any player's corresponding zone.",Michael Phillippi,3
Fickle Sellswords,Cataclysm,49,Neutral,Unit,1,2,2,0,2,Warrior,Hit Points: 2 Warrior. Battlefield only. Action: Spend 1 resource to take control of this unit and move it to your corresponding zone. Any player may trigger this effect.,Steve Belledin,3
Finreir's Guard,Warpstone Chronicles,87,High Elf,Unit,2,1,1,1,1,Warrior,"Hit Points: 1 Warrior. Toughness 1 (whenever this unit is assigned damage, cancel 1 of that damage).",Michael Phillippi,3
Firin' Da Spell,The Eclipse of Hope,85,Orc,Tactic,2,,,3,,Spell,"Spell. Action: Put the top card of your deck into play facedown as a development. Then, target attacking unit gains [Power] for each development you control.",Jason Juta,3
Fists of Mork,City of Winter,82,Orc,Tactic,1,,,1,,,"Action: Deal 2 indirect damage to each player. Then, you may put this card on top of your deck. Mork want some smashy-smashy.",Derk Venneman,3
Flagellants,The Deathmaster's Dance,65,Empire,Unit,1,,2,1,0,Zealot,Hit Points: 2 Zealot. Action: Sacrifice this unit to cancel the next 2 damage assigned to your capital this turn. Our deaths are upon us. The End Times are here!,Alex Boyd,3
Flame Cannon,Warpstone Chronicles,83,Dwarf,Support,0,,,2,0,"Attachment, Weapon","Attachment. Weapon. Attach to a target unit. While attached unit is attacking or defending, it gains [Power] for each enemy unit participating in the battle. Fire!",Eric Polak,3
Flames of the Phoenix,Assault on Ulthuan,17,High Elf,Tactic,4,,,3,,Spell,Spell. Play during your turn. Action: Return all units in play to their owner's hands. To dust you shall return.,Mark Molnar,
Flames of Tzeentch,Core Set,102,Chaos,Tactic,X +,,,,,Spell,- Play during your turn. Action: Deal X damage to one target unit.,,
Fledgling Chaos Spawn,Core Set,89,Chaos,Unit,0,,1,1,0,Daemon,"Hit Points: 1 Daemon. Battlefield. Forced: After this unit is destroyed, deal 1 damage to one target unit in any player's battlefield.",Joe Wilson,1
Fleeting Shade,Portent of Doom,91,Dark Elf,Unit,3,1,1,2,1,Raider,Hit Points: 1 Raider. Scout. Battlefield. Action: Remove 1 resource token from a Black Ark card you control to have this unit gain Toughness 1 until the end of the turn.,Magali Villeneuve,3
Follow the Portent,Chaos Moon,31,High Elf,Quest,0,,,2,,,"Action: When you play a development from your hand, put a resource token on this card if a unit is questing here. Action: Discard a resource token on this card to look at the top 3 cards of your deck and rearrange them in any order.",Games Workshop Ltd,3
Followers of Mork,Core Set,59,Orc,Unit,2 +,1,2,,,Shaman,"- Forced: After this unit enters play, each player takes 2 indirect damage. (Players allocate their own indirect damage.)",,
Followers of Skarsnik,The Fall of Karak Grimaz,29,Orc,Unit,3,1,2,1,1,Goblin,"Hit Points: 2 Goblin. This unit gains [Power] and +1 hit points for every other copy of ""Followers of Skarsnik"" you control.",Liu Yang,3
Foot of Gork,Assault on Ulthuan,51,Orc,Tactic,2,,,3,,,"Play during your turn. Action: Destroy one target unit with printed cost 2 or lower. Time fer all 'umies, stunties, squeakies, and weak 'uns to say bye-bye!",Paul [Prof] Herbert,
For Ulthuan!,Assault on Ulthuan,18,High Elf,Tactic,1,,,1,,,Play at the beginning of your battlefield phase. Action: Your attacking units may attack two enemy zones this turn. (Declare which units are attacking which zone when you declare attackers.),Alex Aparin,
For Us the Bell Tolls,Realm of the Phoenix King,38,Neutral,Tactic,2,,,0,,,"Destruction only. Action: Corrupt a Skaven unit you control to deal X indirect damage to target opponent, where X is the number of corrupted Skaven units you control.",Ignacio Lazcano,3
Forced March,Core Set,48,Empire,Tactic,2,,,2,,,Play during your turn. Action: Move one target unit from its zone to another zone controlled by the same player.,Caravan Studio,1
Forest Dragon,Fiery Dawn,118,Neutral,Unit,6,3,4,0,3,"Wood Elf, Dragon",Hit Points: 4 Wood Elf. Dragon. Order only. Action: Spend 3 resources to double this unit's power until the end of the turn. Nothing dwells in Athel Loren without being changed. The Forest Dragons are no exception.,Jon Bosco,3
Forest Goblins,March of the Damned,17,Orc,Unit,2,1,2,2,1,Goblin,"Hit Points: 2 Goblin. Action: When this unit enters play, target unit gains [Power] until the end of the turn. Shhhh! We'z hidin'.",Mike Capprotti,3
Forge,The Skavenblight Threat,20,Neutral,Support,2,1,,0,1,Building,"Building. Kingdom. While you control two or more developments in this zone, lower the cost for you to play Attachment cards by 1. Iron and steel, blood and sweat, the forge takes it all.",Caravan Studio,
Forges of Nuln,Redemption of a Mage,67,Empire,Quest,0,,,2,,Quest,"Quest. Lower the cost to play the first support card you play this turn by X, where X is the number of resource tokens on this card. Quest. Forced: Place 1 resource token on this card at the beginning of your turn if a unit is questing here.",Caravan Studio,3
Forgotten Cairn,The Twin Tailed Comet,59,Neutral,Support,2,1,,0,1,"Wood Elf, Location","Wood Elf. Location. Order only. Action: When a Wood Elf unit you control leaves play, put the top card of your deck into this zone as a development.",Yoann Boissonnet,3
Forgotten Cemetery,Core Set,115,Neutral,Support,2,1,,0,1,Building,Building. Limited (you cannot play more than one limited card per turn). Quest. This card gains [Power] while you have at lest two developments in this zone.,Peter Johnston,3
Franz's Decree,Core Set,47,Empire,Tactic,1,,,1,,,"Action: One target unit cannot attack or defend until the end of the turn. ""For Sigmar, we shall not fail!""",James Brady,1
Free Company,Core Set,35,Empire,Unit,3,1,3,1,1,Warrior,Hit Points: 3 Warrior. Scout (discard one card at random from an opponent's hand if this unit survives combat).,Karl Kopinski,2
Frenzied Big 'Un,Legends,12,Orc,Unit,3,1,3,2,1,Warrior,Hit Points: 3 Warrior. Battlefield. Each damaged unit you control gains [Power].,Jeffrey Lai,3
Frenzied Carnosaur,Hidden Kingdoms,2,Neutral,Unit,4,5,3,,,"Lizardmen, Creature","- Order only. Battlefield only.This unit must be declared as an attacker or defender, if able. Forced: When this unit attacks deal 1 damage to each unit you control in this zone.",,
Frenzied Witch Elf,Chaos Moon,35,Dark Elf,Unit,3,1,3,1,1,Witch Elf,"Hit Points: 3 Witch Elf. Action: When this unit attacks, discard the top 2 cards of target player's deck. Witch Elves dedicate themselves to Khaine, the god of murder and war. They enjoy their work.",Henryca Citra,3
Friedrich Hemmler,Redemption of a Mage,63,Empire,Unit,5,5,5,2,5,"Hero, Mage","Hit Points: 5 Hero. Mage. Limit one Hero per zone. Forced: When this unit is opposed in combat, deal 1 uncancellable damage to all attacking and defending units.",Adrian Smith,3
From Beneath the Waves,March of the Damned,15,High Elf,Tactic,2,,,2,,,"Action: Deal 3 indirect damage to target opponent (players allocate their own indirect damage). ""Captain, you don't suppose them elves has tamed sea serpents, as well as dragons?"" ""Don't be ridiculo-""",Clint Langley,3
Full Moon Rising,Fiery Dawn,115,Chaos,Tactic,5,,,3,,,"Action: Until the end of the turn, each development you control becomes a unit with [Power][Power] and 2 hit points. It still counts as a development.",Lin Bo,3
Fulminating Cage,Glory of Days Past,66,Empire,Tactic,5,,,3,,Epic Spell,Epic Spell. Empire only. Ambush 3. Action: Cancel the current attack. Your opponent cannot declare another attack this turn. The Wind of Aqshy burns the unwelcome.,Daarken,3
Fungusbrew Goblin,The Silent Forge,50,Orc,Unit,1,1,1,1,1,Goblin,"Hit Points: 1 Goblin. Forced: When this unit enters play, target opponent may move it into any of your zones. Now whur did I leave dat... Bleargh!",Mark Molnar,3
Fury of Aenarion,Fiery Dawn,112,High Elf,Tactic,2,,,3,,Spell,Spell. Action: Reveal a [High Elf] unit from your hand. Target attacking or defending unit gains power equal to the printed power of the revealed card until the end of the turn.,Henryca Citra,3
Fury of the Forest,Hidden Kingdoms,18,Neutral,Tactic,3,,,,,"Wood Elf, Spell",- Wood Elf only. Ambush 0. Action: Deal 1 damage to each attacking unit.,,
Garden of Morr,March of the Damned,9,Empire,Support,3,1,,2,1,Building,"Building. This card gains [Power] for each resource token on it. Action: When one or more units are destroyed, put a resource token on this card.",Illich Henriquez,3
Garrisoned,Cataclysm,22,Empire,Support,1,,,1,0,"Attachment, Condition","Attachment. Condition. Attach to a target unit. If this zone is not burning, attached unit deals +2 damage in combat.",Christopher Bradley,3
Gate of Sigmar,Path of the Zealot,25,Empire,Support,4,2,,2,2,Building,Building. Cancel one damage assigned to your capital each turn. An entrance to the mighty city of Altdorf.,Mark Smith,1
Gathering the Horde,Vessel of the Winds,78,Orc,Quest,1,,,2,,Epic,"Epic. Quest. Action: Put 1 resource token on this card at the beginning of your turn if a unit is questing here. Quest. Action: Remove X resource tokens from this card to discard the top X cards of your deck. Put all [Orc] units discarded this way into play (in one of your zones). Then, sacrifice this card.",Games Workshop Ltd,3
Gathering the Winds,Rising Dawn,10,High Elf,Support,0,,,2,0,Condition,"Condition. Forced: When you play a Spell card, put 1 resource token on this card. Action: Remove resource tokens from this card equal to the printed cost of a target Spell card in your discard pile to play it at no cost. Then, sacrifice this card.",Adam Lane,3
Gaze of Nagash,The Imperial Throne,117,Neutral,Tactic,2,,,0,,Undead,Undead. Spell. Destruction only. Action: Corrupt a Vampire unit you control to look at target opponent's hand. Choose an discard up to 2 cards from that hand.,Joe Wilson,3
Get 'Em Ladz!,Glory of Days Past,72,Orc,Tactic,2,,,1,,,"Orc only. Ambush 0. Action: Choose a zone. Until the end of the phase, draw a card for each damage dealt to that zone. Once the orc mob is roused to attack, they won't be satisfied until all their enemies are dead.",Filip Burburan,3
Get Outta My Way!,Oaths of Vengeance,32,Orc,Tactic,1,,,3,,,"Action: Until the end of the phase, each unit with no damage on it deals no damage in combat. Dem 'umies need smashin' an I'z gonna give it to 'em!",J. B. Casacop,3
Ghorgon,Days of Blood,17,Chaos,Unit,2,3,3,2,3,Battlefield Only,"Hit Points: 3 Creature. Battlefield only. Forced: When this unit attacks, discard the top card of your deck. If the discarded card is not a unit, sacrifice this unit.",Ryan Barger,3
Ghostly Apparition,Portent of Doom,97,Neutral,Tactic,1,,,0,,Undead,"Undead. Destruction only. Action: Target Undead unit cannot be targeted by opponents' card effects until the end of the turn. If it is participating in combat, cancel all damage assigned to it.",Adam Lane,3
Ghrond Errand Riders,Glory of Days Past,77,Dark Elf,Unit,2,1,2,2,1,Cavalry,"Hit Points: 2 Cavalry. Action: When a card is discarded from an opponent's hand, move this unit to another one of your zones. Bring this report to Naggarond!",0 Comments,3
Giant Rats,Hidden Kingdoms,24,Neutral,Unit,2,1,1,,,"Skaven, Creature",,,
Giant Spider,Bleeding Sun,111,Orc,Unit,3,2,4,2,2,Creature.,Hit Points: 4 Creature. Battlefield only. This unit cannot attack unless the defending zone has at least one unit. Dis 'un makes sticky rope.,Ryan Barger,3
Gift of Life,Assault on Ulthuan,20,High Elf,Tactic,1,,,2,,Spell,Spell. Action: Return target [High Elf] unit from your discard pile to your hand. The lives of the elves are not so easily snuffed out.,Igor Kieryluk,
Gifts of Aenarion,Tooth and Claw,47,High Elf,Tactic,4,,,2,,Spell,"Spell. Action: Cancel all damage that would be dealt to your capital until the end of the turn. For each damage thus cancelled, gain 1 resource. Adversity turns to advantage.",Alex Aparin,1
Githit Froatcutta,Redemption of a Mage,70,Orc,Unit,5,2,4,2,2,"Hero, Goblin",Hit Points: 4 Hero. Goblin. Limit one Hero per zone. This unit gains [Power] for each damaged unit you control. Dis blade an' you gunna be gud frienz...,Ryan Barger,3
Glorious Preceptor,The Eclipse of Hope,86,Empire,Unit,3,1,3,1,1,Knight,"Hit Points: 3 Knight. Action: When this unit enters or leaves play, draw a card. There's no foe that can't be beat with a strong arm, faith in Sigmar, and the well-timed charge of sixty men on horseback.",Jake Masbruch,3
Gobbo Big Boss,Faith and Steel,111,Orc,Unit,3,,3,1,0,Goblin,Hit Points: 3 Goblin. This unit gains [Power] for each attacking or defending [Orc] unit you control. I gotz a big wolf so I call da shotz.,Dan Scott,3
Gobbo Loot,The Silent Forge,51,Orc,Tactic,2,,,2,,,Action: Sacrifice a unit to destroy up to X target developments in one zone. X is the printed cost of the sacrificed unit. Dis one's mine! An dat ones mine!,Mark Molnar,3
Goblin Raiders,Oaths of Vengeance,31,Orc,Unit,1,1,1,2,1,Goblin,Hit Points: 1 Goblin. Battlefield only. Raider 2. Dis one's mine! It'z shiny!,Dan Scott,3
Gold Wizard Acolyte,Assault on Ulthuan,46,Empire,Unit,2,1,2,2,1,Mage,"Hit Points: 2 Mage. Battlefield. Action: When you declare this unit as an attacker, one target unit cannot defend against this attack.",Eric Polak,
Gorbad Ironclaw,Vessel of the Winds,62,Orc,Legend,5,2,3,3,,,"Each of your attacking units gains [Power]. ""My Waaagh! will cover the world, and all will hail da might of mine arm and the cut of my choppa.""",Jon Bosco,3
Grail Knight,Bleeding Sun,118,Neutral,Unit,4,2,2,0,2,"Bretonnian, Knight.",Hit Points: 2 Bretonnian. Knight. Order only. Lower the cost to play this unit by 2 while you have a quest in play. I do this for the blessing of the lady.,Caravan Studio,3
Grandfather's Call,The Fall of Karak Grimaz,35,Chaos,Tactic,1,,,1,,Spell,"Spell. Action: Sacrifice a unit to search the top five cards of your deck for any number of Disease cards, reveal them, and add them to your hand. Shuffle the remaining cards into your deck. Lovely diseases, pleasant little plagues...",Mike Capprotti,3
Grasping Darkness,Tooth and Claw,54,Dark Elf,Tactic,3,,,2,,Spell,"Spell. Action: Until the end of the turn, take control of target unit with printed cost 2 or lower. Move the unit to your corresponding zone. Embrace the darkness.",Carl Frank,1
Great Book of Grudges,Warpstone Chronicles,82,Dwarf,Support,2,,,1,0,"Attachment, Relic","Attachment. Relic. Attach to a target [Dwarf] unit. Attached unit gains [Power][Power]. When attached unit enters a discard pile from play, each opponent takes 6 indirect damage. (Players assign their own indirect damage.)",James Brady,1
Great Cave Squig,The Burning of Derricksburg,9,Orc,Unit,4,3,3,2,3,Creature,"Hit Points: 3 Creature. Forced: At the beginning of your turn, sacrifice a development in this zone or this unit deals damage equal to its power to target unit you control.",Adam Bray,3
Great Fire Dragon,Days of Blood,10,High Elf,Unit,5,3,4,2,3,Dragon,"Hit Points: 4 Dragon. Battlefield only. Action: When this unit attacks, put 1 resource token on it. Then, you may remove X resource tokens from this unit to deal X damage to target unit in the attacked zone.",Sandara Tang,3
Great Temple of Tlazcotl,Hidden Kingdoms,6,Neutral,Support,3,2,,,,"Lizardmen, Pyramid",- Lizardmen only. Lizardmen units in a zone with at least 1 Pyramid card deal +1 damage in combat.,,
Great Unclean One,The Deathmaster's Dance,73,Chaos,Unit,6,4,6,4,4,Daemon,Hit Points: 6 Daemon. Battlefield. Action: Sacrifice a corrupt unit to give this unit [Power] until the end of the turn. Plague and death grants me breath.,Games Workshop Ltd,3
Greater Heal,Core Set,55,High Elf,Tactic,3,,,1,,Spell,Spell. Action: Heal all damage on your units.,Jorge Maese,1
Greyseer Thanquol,The Skavenblight Threat,15,Neutral,Unit,3,1,1,0,1,"Hero, Skaven","Hit Points: 1 Hero. Skaven. Limit one Hero per zone. Destruction only. This unit may attack from any zone. While attacking, this unit gains [Power] for each Skaven unit you control. Boneripper, quick quick. Bite slay kill!",Sam Wood,
Greyseer's Lair,Arcane Fire,119,Neutral,Support,4,2,,0,2,"Warpstone, Skaven",Warpstone. Skaven. Destruction only. Kingdom. Lower the cost of the first Skaven card you play each turn by 1.,Jorge Maese,3
Griffon Standard,The Burning of Derricksburg,6,Empire,Support,2,,,3,0,Attachment,Attachment. Attach to an [Empire] unit in your battlefield. Attached unit gains [Power] for each [Empire] unit in this zone. Our colors fly and our hearts are lifted.,Arthur Wang,3
Grimgor Ironhide,Core Set,63,Orc,Unit,6,3,6,5,3,"Hero, Warrior","Hit Points: 6 Hero. Warrior. Limit one Hero per zone. Forced: After this unit enters play, destroy all support cards and developments in each player's corresponding zone.",Adrian Smith,1
Grimgor's Camp,Core Set,73,Orc,Support,3 +,1,,,,Building,- Kingdom. Lower the cost of the first [Orc] unit you play each turn by 1.,,
Grimgor's Spike,The Deathmaster's Dance,71,Orc,Support,1,,,2,0,"Attachment, Weapon","Attachment. Weapon. Attach to an [Orc] unit. If attached unit is defending alone, destroy all attacking units when they take combat damage this phase.",Dan Wheaton,3
Grom the Paunch,Legends,8,Orc,Legend,5,6,4,4,,,"Action: Sacrifice a development to lower the cost of the next unit you play this turn by 1 (to a minimum of 1). ""Them elves ain't all that scary. Deyz just stunties who'z a bit taller.""",Games Workshop Ltd,3
Grombrindal,Legends,1,Dwarf,Legend,6,6,4,4,,,"Each unit you control gains [Power] if a zone is burning. ""I swear I never saw a beard so white or gold as I saw on the features of Grombrindal."" - Veteran Quarreler",Scott Murphy,3
Grombrindal's Elite,Redemption of a Mage,61,Dwarf,Unit,3,1,3,2,1,"Warrior, Elite","Hit Points: 3 Warrior. Elite. Lower the cost to play this unit by 3 if a zone is burning. This unit gains [Power] if a zone is burning. On the eve of death, they appear and change the course of history.",Mark Molnar,3
Gromril Armour,Path of the Zealot,22,Dwarf,Support,0,,,2,0,Attachment,"Attachment. Attach to a unit. Attached unit gains Toughness 1. Shining brightly, this metal will always protect the sons of Grungi.",Michal Ivan,3
Grudge Keeper,Cataclysm,3,Dwarf,Unit,3,1,3,1,1,Warrior,"Hit Points: 3 Warrior. Battlefield. Action: When this unit enters play, put a [Dwarf] support card into play from your hand in your battlefield. Just like a War Mammoth, a grudge keeper never forgets.",Crut,3
Grudge Thrower,Core Set,18,Dwarf,Support,1 +,,,,,Siege,- Battlefield. Action: Spend 1 resource and sacrifice a unit to have each attacking or defending unit gain [P] until the end of the turn.,,
Grudge Thrower Assault,Core Set,22,Dwarf,Tactic,2 +,,,,,,"- Play during combat, after damage has been assigned. Action: Destroy one target attacking unit.",,
Grudgebearer,The Fall of Karak Grimaz,24,Dwarf,Unit,2,1,2,1,1,Warrior,"Hit Points: 2 Warrior. This unit gains [Power] for each resource token on it. Forced: When one of your other [Dwarf] units leaves play, put a resource token on this card. This insult shall cost you your life!",Tony Foti,3
Grudgeborn Fury,Fiery Dawn,102,Dwarf,Tactic,4,,,3,,,"Action: Units in all zones may attack during battlefield phases this turn. By the blood of Grungni, they shall pay. By heart and hold, by wrath and ruin, by oath honour it is sworn!",Ignacio Lazcano,3
Gryphon Legionnaire,The Burning of Derricksburg,4,Empire,Unit,3,1,2,2,1,Knight,Hit Points: 2 Knight. You may play this unit from your hand any time you could take an action (paying all costs). Counterstrike 2 (this unit deals 2 combat damage immediately when defending).,Chase Toole,3
Guard Squigs,Karaz a Karak,71,Orc,Support,2,1,,3,1,"Creature, Condition","Condition. Creature. Action: When this zone is attacked, this card becomes a unit with 3 hit points until the end of the turn (it also retains its power). It also counts as a support card.","Paul Guzenko, aka GuzBoroda",3
Guardians of the Gods,Shield of the Gods,120,Neutral,Quest,1,,,0,,Lizardmen,"Lizardmen. Order only. Quest. While a Lizardmen unit is questing on this card, double all damage assigned to units by the effects of Savage as it is being assigned.",Games Workshop Ltd,3
Guarding Boon,Glory of Days Past,68,High Elf,Tactic,1,,,2,,Spell,"Spell. Action: Until the end of the phase, each Mage unit you control deals +1 damage in combat and gains: ""Redirect the first point of damage dealt to this unit to target unit in any corresponding zone."" An arrow? How quaint.",Simon Dominic,3
Guild of Engineers,The Iron Rock,41,Dwarf,Unit,2,1,1,3,1,Engineer,"Hit Points: 1 Engineer. Kingdom. Action: When you play an Engineer unit from your hand, gain 1 resource. Quest. Action: When you play an Engineer unit form your hand, draw a card.",Anna Ignatieva,3
Gurni Thorgrimson,Tooth and Claw,41,Dwarf,Unit,5,2,4,3,2,Hero,"Hit Points: 4 Hero. Limit one Hero per zone. This unit gains [Power] for each card attached to it. ""A proud dwarf, before he took his slayer oath."" - Gavius Klugge",Ralph Horsley,1
Gurni's Elite,The Skavenblight Threat,1,Dwarf,Unit,3,3,1,3,3,"Warrior, Elite","Hit Points: 1 Warrior. Elite. Battlefield only. Short tempered, and spoilin' for a fight.",Adrian Smith,
Gustav the Bear,Path of the Zealot,23,Empire,Unit,4,3,3,3,2,"Hero, Cavalry",Hit Points: 3 Hero. Cavalry. Limit one Hero per zone. Cancel all damage to this unit while any opponent controls a corrupted unit.,Eric Polak,1
Gutter Runners,Tooth and Claw,56,Neutral,Unit,2,1,2,0,1,Skaven,Hit Points: 2 Skaven. Destruction only. Battlefield only. Scout. This unit enters play corrupted. Stab slice in the dark. Kill foolish man-things in their burrows.,Alex Boyd,3
Gyrocopter,Signs in the Stars,63,Dwarf,Support,2,,,2,0,"Attachment, War Machine",Attachment. War Machine. Attach to a target [Dwarf] unit you control. Attached unit may attack while in any of your zones.,Ijur,3
Hag Graef Knights,Oaths of Vengeance,36,Dark Elf,Unit,2,1,2,1,1,Cavalry,Hit Points: 2 Cavalry. Raider 2. The Druchii discovered the Cold Ones in deep caverns beneath the Hag Graef mountains.,Alexandre Daincho,3
Hag Graef Mine,Battle for the Old World,58,Dark Elf,Support,3,1,,1,1,Building,"Building. Action: Corrupt a unit that you control but do not own to (choose one): draw X cards, or gain X resources. X is that unit's loyalty.",Adam Lane,3
Hag Queen,City of Winter,91,Dark Elf,Unit,3,1,4,2,1,,"Hit Points: 4 Witch Elf. Sorcerer. Action: Corrupt this unit to discard a card at random from target opponent's hand. Then, this unit takes 1 damage. On Death Night the hag is a hag no more. Look on her beauty if you dare.",Magali Villeneuve,3
Hall of Heroes,Cataclysm,6,Dwarf,Support,2,1,,1,1,Building,"Building. Action: When one of your [Dwarf] units leaves play, target unit gains [Power] until the end of the turn.",Daarken,3
Hammerer of Karak Azul,Core Set,3,Dwarf,Unit,2 +,1,2,,,"Warrior, Elite","- Toughness 1 (whenever this unit is assigned damage, cancel 1 of that damage).",,
Hammersmith,Cataclysm,2,Dwarf,Unit,1,1,1,1,1,Engineer,Hit Points: 1 Engineer. Kingdom only. Nothing smashes like a hammer forged by a dwarf.,Erfian Asafat,3
Har Ganeth,Assault on Ulthuan,35,Dark Elf,Support,2,1,,1,0,Building,"Building. Kingdom. Action: At the beginning of your turn, return one target unit with less than 2 hit points to its owner's hand. A city stained with blood.",Jose Luis Vaello,
Harpies,Assault on Ulthuan,24,Dark Elf,Unit,2,1,2,2,1,Creature,"Hit Points: 2 Creature. Quest. Action: When an opponent draws cards for his quest phase, corrupt this unit to discard 1 card at random from that player's hand if he has 7 or more cards in hand. The will of the dark made manifest.",Woodrow Hinton,
Harpy Aerie,City of Winter,93,Dark Elf,Support,2,,,2,0,Fortification,"Fortification. Action: When this zone is attacked, target attacking unit gets -2 hit points until the end of the turn. It is said that if the harpies leave, Kar Karond will fall.",Timo Karhula,3
Hate,Core Set,110,Dark Elf,Tactic,0,,,1,,,"Action: Take 1 resource from each opponent and add it to your available resources. Were it possible, my hatred would strike you down with Khaine's own thunder!",Michael Ivan,1
Hawkeye Archer,Fiery Dawn,110,High Elf,Unit,2,1,1,2,1,Warrior,"Hit Points: 1 Warrior. Action: At the beginning of your turn, deal 1 damage to target unit in any corresponding zone. That unit's controller may sacrifice a unit he controls to cancel the damage.",Clint Langley,3
Heart Forge,Karaz a Karak,67,Dwarf,Support,2,1,,3,1,Location,Location. Kingdom. Lower the cost of each Rune card you play by 1. Only the greatest runesmiths work its bellows.,Yoann Boissonnet,3
Helbane's Raiders,The Fall of Karak Grimaz,37,Dark Elf,Unit,4,2,2,2,2,"Elite, Warrior","Hit Points: 2 Elite. Warrior. Action: When an opponent discards one or more cards from his hand, deal 1 damage to target unit. Your last breath is the gift I give my mistress.",Kaya,3
Helblaster Crew,Arcane Fire,104,Empire,Unit,4,2,2,2,2,Engineer,"Hit Points: 2 Engineer. Action: When this unit enters play, move one target Attachment from one unit to another unit in the same zone. Load 'er up again boys, more o' these elves coming up on the right flank.",Clint Langley,1
Helblaster Volley Gun,Warpstone Chronicles,86,Empire,Support,1,,,1,0,"Attachment, Weapon","Attachment. Weapon. Attach to a target unit in your battlefield. Attached unit deals +-X damage in combat, where X is the number of developments in your battlefield.",Eric Polak,3
Hellcannon Reserves,The Deathmaster's Dance,74,Chaos,Support,4,1,,2,1,Siege,"Siege. Kingdom. Whenever a tactic you play deals damage to one or more targets, deal an additional damage to each target. Their baleful energies require the bodies and souls of the enemy to fuel them.",James Brady,1
Hellpit Abomination,Hidden Kingdoms,20,Neutral,Unit,7,5,5,,,"Skaven, Mutant",,,
Helm of Fortune,Rising Dawn,11,High Elf,Support,0,,,1,0,"Attachment, Armour",Attachment. Armour. Attach to a target [High Elf] unit. Attached unit gets +1 hit point. Attached unit cannot be targeted by opponents' card effects while questing.,Carolina Eade,3
Helstorm Rocket Battery,Fiery Dawn,108,Empire,Support,1,,,2,0,"Siege, War Machine","Siege. War Machine. Battlefield. Action: Spend 3 resources to deal 1 damage to target attacking unit. Then, move it to another zone controlled by the same player.",Lius Lasahido,3
Herald of Change,Redemption of a Mage,72,Chaos,Unit,3,1,3,1,1,Cultist,Hit Points: 3 Cultist. This unit gains +2 hit points while defending.,Ryan Barger,3
Herald of Morai-Heg,Realm of the Phoenix King,27,High Elf,Unit,2,0,3,1,0,Warrior,Hit Points: 3 Warrior. Counterstrike X. X is the highest loyalty on a [High Elf] card you control. The goddess has forseen my arrow's path.,Nacho Molina,3
Heroic Task,Rising Dawn,20,Neutral,Quest,0,,,0,,Epic,"Epic. Limit 1 per deck. Start the game with this card in play and 1 card attached to it facedown. You cannot take a mulligan. Quest. Action: When you draw 1 or more cards, put 1 resource token on this card if a unit is questing here. Quest. Action: Remove 3 resource tokens from this card and sacrifice it to take the card attached to it into hand. If that card is an Artefact support card, you may attach it to a Hero or legend instead.",Games Workshop Ltd.,3
Hewn From the Mountain,Arcane Fire,103,Dwarf,Tactic,2,,,1,,,Action: Each of your defending units gains [Power][Power] until the end of the turn. Each dwarf appears carved from the rock he makes his home.,Franz Vohwinkel,3
Hidden Grove,Omens of Ruin,7,Empire,Support,2,1,,2,1,Building,"Building. Units in a zone with no developments lose all power. Praise to Taal, lord of the wild places.",Jacqui Davis,3
Hidden Operative,The Accursed Dead,59,Empire,Quest,0,,,3,,,Quest. Action: Move the unit questing here to one of your other zones.,Games Workshop Ltd.,3
Hidden Outpost,Battle for the Old World,52,High Elf,Support,3,1,,1,1,Fortification,Fortification. Lower the Ambush cost of the first card you ambush each turn by 1. The shadow warriors of Nagarythe strike without warning and leave none alive to follow them home.,Ignacio Bazan Lazcano,3
Hidden Sorceress,Rising Dawn,17,Neutral,Unit,3,,,0,2,,"Hit Points: 1 Sorceress. Destruction only. Forced: When an opponent puts at least 1 resource token on a quest in any corresponding zone, remove 1 resource token from that quest.",Jake Murray,3
High Elf Spearmen,Assault on Ulthuan,4,High Elf,Unit,3,2,1,1,2,Warrior,"Hit Points: 1 Warrior. Vicious and savage, these Elven defenders have guarded our king for many centuries.",Adrian Smith,
High Elf's Disdain,Assault on Ulthuan,21,High Elf,Tactic,2,,,2,,Spell,Spell. Action: Cancel a tactic just played. Ours is the superior way.,Mark Molnar,
High Mountain Troll,The Fourth Waystone,89,Orc,Unit,6,4,5,3,4,Troll,"Hit Points: 5 Troll. Forced: At the beginning of your turn, heal all damage on this unit. These creatures are able to heal all but the most grievous of injuries. - Gavius Klugge",Ryan Barger,3
Highborn Champion,Hidden Kingdoms,15,Neutral,Unit,4,,3,,,"Wood Elf, Elite",,,
Higher Ground,Redemption of a Mage,65,Empire,Support,1,,,2,0,"Environment, Battlefield","Environment. Battlefield. Action: When a knight unit enters this zone, that unit gains [Power] until the end of the turn. Defend the Wagon!",David Horne,3
Higher Learning,Fragments of Power,28,Empire,Support,1,,,2,0,Condition,Condition. Kingdom or Quest. Each card with a Kingdom and/or Quest ability in this zone is considered to be a development in addition to its printed card type.,Ilich Henriquez,3
Holy Defender,Cataclysm,19,Empire,Unit,1,,2,2,0,Priest,"Hit Points: 2 Priest. Action: When this unit defends, the attacking player must spend 1 resource or cancel the attack. The blessing of Sigmar is not given lightly.",David Auden Nash,3
Honor in Death,Bleeding Sun,102,Dwarf,Tactic,1,,,2,,,Action: Sacrifice a unit to destroy target attacking unit. My grudge can now be laid to rest.,David Horne,3
Honouring the Ancestors,Vessel of the Winds,65,Dwarf,Tactic,1,,,1,,,"Action: Put a [Dwarf] unit into play in one of your attacked zones from your hand, declared as a defender. Sacrifice it at the end of the turn. Fresh grobi heads I will bring.",Anna Ignatieva,3
Horn Hold Defender,The Ruinous Hordes,89,Dwarf,Unit,4,2,2,2,2,Warrior,"Hit Points: 2 Warrior. While you have at least 3 resources in your pool, this unit gains Toughness 2. Action: When this unit attacks or defends, gain 1 resource.",0 Comments,3
Horrific Favour,Realm of the Phoenix King,34,Chaos,Support,1,,,2,0,Condition,"Condition. Action: When a Daemon unit enters play under your control, return a Disease card from your discard pile to your hand. The great gods of Chaos grant you their blessing.",Anna Ignatieva,3
Horrific Mutation,Core Set,94,Chaos,Support,1 +,,,,,"Attachment, Mutation","- Attach to a target unit you control. While attached unit is attacking, defending units get -1 hit points.",,
Hospitable Cave,Shield of the Gods,104,Dwarf,Support,2,1,,1,1,Location,Location. Quest. Each of your questing units gain Toughness 3.,Cristi Balanescu,3
Huntsmen,Core Set,33,Empire,Unit,1,1,1,1,1,Ranger,"Hit Points: 1 Ranger. Quest zone only. Hunters by trade, these rugged folk are experienced woodsmen and deadly archers.",Illich Henriquez,3
Hydra Blade,Warpstone Chronicles,97,Dark Elf,Support,2,,,1,0,"Attachment, Relic","Attachment. Relic. Attach to a target [Dark Elf] unit. Corrupt that unit. Attached unit gains [Power][Power]. If attached unit would be destroyed, you may pay 2 resources to (instead of destroying it) leave it in play and remove all damage from it.",Illich Henriquez,1
Illyriel,Assault on Ulthuan,8,High Elf,Unit,4,2,4,3,2,"Hero, Warrior","Hit Points: 4 Hero. Warrior. Limit 1 Hero per zone. Battlefield. Action: At the beginning of your turn, return one target unit to its owner's hand unless its owner pays you 2 resources",Sandara Tang Sin Yun,
Ilthilmar Arrows,Realm of the Phoenix King,29,High Elf,Support,1,,,2,0,"Attachment, Weapon",Attachment. Weapon. Attach to a target [High Elf] unit you control. This card enters play with 3 resource tokens on it. Action: Discard a resource token from this card to deal 1 damage to target attacking unit.,S. C. Watson,3
Imperial Drummer,The Imperial Throne,103,Empire,Unit,1,,1,2,0,Musician,Hit Points: 1 Musician. Battlefield. Warrior units in this zone gain [Power]. Nothing prepares a man for fighting like the doll of drums before a battle.,Even Mehl Amundsen,3
Imperial Embassy,Hidden Kingdoms,43,Empire,Support,0,,,,,Tribute,- Non-Empire only. Action: Sacrifice this card to ignore the loyalty cost of the next Empire card you play this turn.,,
Infiltrate,The Skavenblight Threat,4,Empire,Tactic,1,,,2,,,Action: Target opponent cannot draw more than one card this turn. The Empire knows the greatest enemy comes from within.,Eric Polak,
Infiltrate!,Core Set,120,Neutral,Quest,2,,,0,,,"Quest. Forced: At the beginning of your turn, discard the top X cards from each opponent's deck. X is the number of resource tokens on this quest. Quest. Forced: At the beginning of your turn, place 1 resource token on this quest if a unit is questing here.",Alex Boyd,1
Inflame,Realm of the Phoenix King,33,High Elf,Tactic,1,,,3,,Spell,Spell. Action: Discard a card from your hand with X loyalty to have target unit gain X [Power] until the end of the turn. No other flame can match the fire of Asuryan.,Adam Lane,3
Infused Parapet,Cataclysm,29,High Elf,Support,2,1,,1,1,Fortification,"Fortification. Action: When this zone is attacked, cancel the next Action triggered by an opponent during this phase.",Mark Molnar,3
Initiate of Saphery,Assault on Ulthuan,6,High Elf,Unit,3,1,3,1,1,"Initiate, Mage","Hit Points: 3 Initiate. Mage. Kingdom. Action: At the beginning of your turn, heal 1 damage from each unit you control. By Asuryan's grace, we have nothing to fear.",Alex Aparin,
Inner Circle Knight,Signs in the Stars,68,Empire,Unit,2,1,3,1,1,Knight,"Hit Points: 3 Knight. They think they're so great, with their shiny armour and noble birth and majestic steeds and superior battle training and  - okay, so they're pretty good. - Jacob Roedwig, Halberdier",Grzegorz Rutkowski,3
Innovation,Core Set,119,Neutral,Tactic,0,,,0,,,Restricted Action: Gain 1 resource for each development in your kingdom. Necessity is the mother of all...,Alex Aparin,1
Innovation,Assault on Ulthuan,57,Neutral,Tactic,0,,,0,,,Action: Gain 1 resource for each development in your kingdom. necessity is the mother of all...,Alex Aparin,
Invocation of Nehek,Hidden Kingdoms,35,Neutral,Tactic,1,,,,,"Undead, Spell",- Undead only. Action: Name a unit. Discard the top 5 cards of your deck. Put into play each copy of the named unit discarded by this effect at no cost (in any zone).,,
Invoke Khaine's Wrath,Assault on Ulthuan,42,Dark Elf,Tactic,3,,,2,,Spell,Spell. Play at the end of any battlefield phase. Action: Destroy all units that participated in combat this phase. Let hate cleanse this place!,Eric Polak,
Iron Boyz,The Deathmaster's Dance,70,Orc,Unit,3,1,3,1,1,Warrior,"Hit Points: 3 Warrior. Toughness 1 (whenever this unit is assigned damage, cancel 1 of that damage). Bash 'em! Crush 'em! Eat 'em!",Wayne England,3
Iron Defenders,Battle for the Old World,45,Dwarf,Unit,2,1,2,1,1,Warrior,"Hit Points: 2 Warrior. Dwarf only. Ambush 1. Action: When this unit ambushes, it gains Toughness 2 until the end of the phase. They'll have to get through us first.",0 Comments,3
Iron Discipline,Tooth and Claw,45,Empire,Tactic,0,,,1,,,"Action: Target one unit. Until the end of the turn, cancel any other action that targets this unit unless the action's controller pays an additional 4 resources (per action). We shall not bend, we shall not falter, we shall not break.",Sam Wood,3
Iron Throneroom,The Inevitable City,13,Chaos,Support,3,2,,5,2,Capital Center,"Capital Center. This card enters play with 4 resource tokens on it. Action: At the beginning of your turn, remove a resource token from this card. Then, if there are no resource tokens on this card, put up to 3 [Chaos] units into play from your hand or discard pile.",Jonas Springborg,3
Iron-talon Eagle,Cataclysm,26,High Elf,Unit,2,1,2,1,1,Creature,"Hit Points: 2 Creature. Action: Return this unit to its owner's hand. You cannot return more than 1 card with the title ""Iron-talon Eagle"" to your hand each turn.",Tom Babbey,3
Ironbreakers of Ankhor,Core Set,12,Dwarf,Unit,5 +,2,3,,,"Warrior, Elite","- Toughness X (whenever this unit is assigned damage, cancel X of that damage). X is the number of development cards in this zone.",,
Ironclaw's Horde,Core Set,58,Orc,Unit,5 +,4,2,,,Warrior,- Battlefield only.,,
Isha's Gaze,The Deathmaster's Dance,68,High Elf,Support,0,,,1,0,"Attachment, Spell","Attachment. Spell. Attach to a target unit. Whenever a unit is healed, attached unit gains [Power] until the end of the turn. The flow of life, the gift of strength.",Igor Kieryluk,3
Jade Acolyte,March of the Damned,6,Empire,Unit,2,,,2,1,,Hit Points: 2 Mage. Action: Spend 1 resource and choose a target development you control. That development becomes a unit with 2 hit points and [Power] until the end of the turn. It also counts as development (limit once per turn).,Jeff Himmelman,3
Jealous Eyes,The Accursed Dead,54,Dark Elf,Tactic,0,,,2,,,"When this card is played, immediately end and resolve the current action chain. Action: Move up to 2 resource tokens from target opponent's card to a card you control.",Carolina Eade,3
Jezzail Team,March of the Damned,55,Neutral,Unit,3,1,2,0,1,Skaven.,Hit Points: 2 Skaven. Destruction only. Action: Corrupt this unit to deal 1 damage to target unit in any battlefield. Ready! Aimgood! Shoot-fire!,Sam Wood,3
Johannes Broheim,Core Set,37,Empire,Unit,6 +,1,4,,,"Hero, Cavalry","- Limit one Hero per zone. Counterstrike 2. At the end of each phase, you may move this unit from its current zone to one of your other zones.",,
Josef Bugman,Chaos Moon,21,Dwarf,Unit,4,2,4,3,2,"Hero, Ranger","Hit Points: 4 Hero. Ranger. Limit one Hero per zone. Action: When a [Dwarf] unit enters play under your control, search the top five cards of your deck for an Attachment support card and put it into play attached to that unit. Then, shuffle your deck.",Jake Masbruch,3
Journey to the Gate,Core Set,97,Chaos,Quest,2 +,,,,,,"- Quest. Action: Sacrifice the unit on this quest to force each opponent to discard his hand. Use this ability on your turn, and only if Journey to the Gate has 3 or more resource tokens on it. Quest. Forced: Place 1 resource token on this card at the beginning of your turn if a unit is questing here.",,
Judgement of Loec,Legends,26,High Elf,Support,1,,,3,0,"Attachment, Spell","Attachment. Spell. Attach to a target unit or development. Attached card is considered to have a blank text box, loses all power, and becomes a development.",Jeffrey Lai,3
Judgement of Verena,Core Set,49,Empire,Tactic,4,,,2,,Spell,Spell. Play during your turn. Action: Destroy all unit and support cards in each zone with no developments.,James Brady,1
Juggernaut of Khorne,Signs in the Stars,73,Chaos,Unit,6,3,4,3,3,Creature,"Hit Points: 4 Creature. Action: When this unit attacks, sacrifice X developments to search the top five cards of your deck for a unit with printed cost X or lower and put it into your battlefield, attacking. Then, shuffle your deck.",Mike Nash,3
Juvenile Wyvern,The Deathmaster's Dance,80,Neutral,Unit,4,1,2,0,1,- Creature,"Hit Points: 2 Creature. Destruction only. When Juvenile Wyvern defends, it deals its combat damage to all attacking units. ""This monster is but a youngin'. Not even worth the fight."" - Gurni Thorgrimson",Marco Caradonna,3
Kairos Fateweaver,Legends,30,Chaos,Legend,6,6,3,4,,,"Each development you control becomes a unit with 2 hit points and [Power][Power]. It still counts as a development. ""We see that which was and thus we know your secrets. We see that which shall be and thus we know your fate. The now is trivial to us- we know the day we perish is not this day.""",Daarken,3
Karak Azul Forge,Signs in the Stars,62,Dwarf,Support,4,2,,2,2,Building,Building. Each unit you control with at least one Attachment support card attached to it gains Toughness 1.,John Matson,3
Karak Great Cannon,Karaz a Karak,68,Dwarf,Support,2,,,2,0,Fortification,"Fortification. Action: When this zone is attacked, sacrifice X developments in this zone to deal 2 damage to X target attacking units.",Marco Caradonna,3
Karak Hirn Mine,Glory of Days Past,64,Dwarf,Support,1,1,,1,1,Building,"Building. If you control a faceup non-[Dwarf] unit or support card, sacrifice this card.",Marco Caradonna,3
Karak Hirn Warrior,Oaths of Vengeance,25,Dwarf,Unit,4,2,3,2,2,Elite,"Hit Points: 3 Elite. While you have at least 3 resources in your pool, this unit may attack from any zone and may defend any zone.",Eric Polak,3
Karl Franz,Legends,15,Empire,Legend,6,6,4,5,,,"Action: Sacrifice a development to move target unit you control from its current zone to another of your zones. ""Will you not die for your Empire? Will you not fight for your families? Sally forth then, into the jaws of death and cry havoc this day, that you may live within the annals of history!""",Mathias Kollros,3
Keeper of Secrets,Fiery Dawn,113,Chaos,Unit,6,3,4,3,3,Daemon,"Hit Points: 4 Daemon. Action: At the beginning of your turn, corrupt target unit. Action: Spend 2 resources to have target corrupted unit an opponent controls deal damage equal to its power to another target unit.",Uwe Jarling,3
Keeper of the Flame,March of the Damned,12,High Elf,Unit,2,1,2,1,1,Warrior,"Hit Points: 2 Warrior. Action: This unit takes 1 uncancellable damage. If it does, destroy target Attachment support card. While I live, the Flame of Asuryan shall burn.",Jason Engle,3
Keystone Forge,Core Set,14,Dwarf,Support,2 +,1,,,,Building,"- Kingdom. Forced: After your turn begins, heal 1 damage to your capital.",,
Khorvak Grimbreath,The Inevitable City,6,Chaos,Unit,3,1,3,4,1,Hero,Hit Points: 3 Hero. Limit one Hero per zone. Corrupted [Chaos] units you control may attack from any zone. Every denizen of Chaos hears his call.,Alexandru Sabo,3
Kindred of Laith-Kourn,City of Winter,96,Neutral,Unit,3,,5,0,0,Wood Elf,"Hit Points: 5 Wood Elf. Order only. Action: Sacrifice a development in this zone to heal all damage on this unit. Alone? Under these boughs, I am not alone.",Adam Lane,3
King Alrik,The Ruinous Hordes,88,Dwarf,Unit,3,,3,3,0,"Noble, Warrior",Hit Points: 3 Noble. Warrior Battlefield only. This unit gains [Power] for each resource you have in your pool. These gold runes aren't just for show.,0 Comments,3
King Kazador,Core Set,7,Dwarf,Unit,6 +,3,6,,,"Hero, Warrior",- Limit one Hero per zone.,,
Knight Training,Core Set,38,Empire,Support,0,,,2,0,"Attachment, Skill",Attachment. Skill. Attach to a target unit in your battlefield. Attached unit gains [Power]. A knight's training is never over. We improve... or we die.,Christian Byrne,1
Knights of the Blazing Sun,The Burning of Derricksburg,3,Empire,Unit,2,1,2,1,1,Knight,Hit Points: 2 Knight. This unit cannot be corrupted. Let Myrmidia blind our foes!,Marco Caradonna,3
Knights Panther,Redemption of a Mage,64,Empire,Unit,2,1,2,1,1,Knight,Hit Points: 2 Knight. Action: Spend 1 resourse to give this unit [Power] until the end of the turn. (Limit twice per turn). Sword and shield must become part of your body.,Caravan Studio,3
Korhil,Omens of Ruin,9,High Elf,Unit,4,2,4,2,2,Hero,"Hit Points: 4 Hero. Limit one Hero per zone. Action: When this unit attacks, reveal the top card of your deck. If the revealed card is a [High Elf] unit with a printed cost 3 or lower, put it into your battlefield, attacking.",Margaret Hardy,3
Kroxigor,Legends,44,Neutral,Unit,6,3,4,0,3,"Lizardmen, Warrior.",Hit Points: 4 Lizardmen. Warrior. Order only. Savage 2. Action: Spend 1 resource and discard a card from your hand to cancel the next 1 damage dealt to this unit.,Jason Juta,3
Kurt Helborg,The Accursed Dead,42,Empire,Legend,5,2,4,5,,,"While this legend is participating in combat, lower the cost for you to play tactics by 1. ""This war ends only one way: total victory for the Empire, with her enemies dead and rotting.""",David A. Nash,3
Lair of the Astromancer,Cataclysm,57,Neutral,Fulcrum,1,,,0,,,"Forced: When this fulcrum is channeled, target player gains 2 resources. Another target player draws 2 cards.",Juan Carlos Barquet,1
Lash the Prisoner!,Assault on Ulthuan,37,Dark Elf,Tactic,0,,,3,,,"Action: Sacrifice a unit. If you do, gain 2 resources. Pain is a gift the living must endure.",Matthew Starbuck,
Learned Mage,Vessel of the Winds,70,High Elf,Unit,2,1,3,1,1,Mage,"Hit Points: 3 Mage. Quest. Action: This unit takes 1 uncancellable damage. If it does, look at the top card of target player's deck. Put that card on the top or bottom of that player's deck.",Carolina Eade,3
Leave No Trace,Karaz a Karak,70,Dwarf,Tactic,1,,,3,,,Action: Discard a card from your hand with X loyalty to deal X damage to target defending unit. Let me show you my grudge.,Cristi Balanescu,3
Lelansi,The Burning of Derricksburg,7,High Elf,Unit,3,1,3,2,1,Hero,"Hit Points: 3 Hero. Limit one Hero per zone. If another unit in this zone would be destroyed, instead return it to its owner's hand. You dare harm my kin?",Jen Zee,3
Lethal Voley,Hidden Kingdoms,45,High Elf,Tactic,3 +,,,,,,,,
Light of Morrslieb,The Twin Tailed Comet,60,Neutral,Support,4,2,,0,2,Warpstone,Warpstone. You may play an additional development from your hand during your turn.,Simon Dominic,3
Lilea,Battle for the Old World,50,High Elf,Unit,4,2,3,2,2,"Elite, Ranger","Hit Points: 3 Elite. Ranger. Action: When this unit attacks, put 1 resource token on it. Then, deal X indirect damage to target opponent. X is the number of resource tokens on this unit. She 'sees' with her ears.",Christina Davis,3
Lion Chariot of Chrace,The Fourth Waystone,88,High Elf,Unit,3,1,3,1,1,Warrior,"Hit Points: 3 Warrior. Action: This unit takes 1 uncancellable damage. If it does, it gains Counterstrike 2 until the end of the turn.",Matthew Starbuck,3
Lion Standard,The Accursed Dead,45,High Elf,Unit,0,,2,2,0,Standard Bearer,Hit Points: 2 Standard Bearer. Action: Spend 1 resource to have target unit get +1 hit point until the end of the turn.,Jeffrey Lai,3
Lirdir,Cataclysm,25,High Elf,Unit,4,2,4,2,2,"Hero, Mage","Hit Points: 4 Hero. Mage. Limit 1 Hero per zone. Action: When you heal a unit, that unit gains [Power] until the end of the turn. ""This will ease your pain.""",Adam Lane,3
Lobber Crew,Core Set,66,Orc,Unit,2,1,1,1,1,Goblin,"Hit Points: 1 Goblin. Kingdom. Action: Sacrifice this unit to force an opponent to sacrifice a unit he controls, if able.",Igor Kieryluk,3
Lokhir Fellheart,Assault on Ulthuan,30,Dark Elf,Unit,5,3,4,5,3,"Hero, Warrior","Hit Points: 4 Hero. Warrior. Limit 1 Hero per zone. Battlefield. Action: At the beginning of your turn, one target unit in any battlefield gets -1 hit points until the end of the turn for each development in this zone.",Illich Henriquez,
Long Drong's Pirates,March of the Damned,2,Dwarf,Unit,3,1,3,1,1,Slayer,"Hit Points: 3 Slayer. If there are at least two other Slayer units in this zone, this unit gains [Power][Power] Yo ho, yo ho, a pirate's death for me!",Chris Trevas,3
Long Winter,The Fall of Karak Grimaz,40,Neutral,Tactic,0,,,0,,,"Action: Return target development to its owner's hand. Tighten your belt, there is only one more month of this... I hope.",Dimitri Bielak,3
Longbeard Hunter,The Inevitable City,1,Dwarf,Unit,3,1,2,3,1,Ranger,"Hit Points: 2 Ranger. Action: When a unit enters play, attach this unit to it. This unit then counts as an Attachment support card with the text ""Destroy attached unit if it triggers an ability. Then, return this card to your hand."" It's one thing to track, and another to hunt.",Ben Zweifel,3
Longbeards,Arcane Fire,101,Dwarf,Unit,4,3,4,2,3,"Warrior, Elite","Hit Points: 4 Warrior. Elite. Battlefield only. Back in my day, grobi were bigger, beer was better, and we respected our elders.",Paul Dainton,3
Looted Umie Town,Chaos Moon,25,Orc,Support,3,1,,2,1,Building,Building. This card gains [Power] for each unit in this zone. Dis stuff iz ours now.,David A. Nash,3
Loqtza,March of the Damned,37,Neutral,Unit,6,3,5,0,3,"Lizardmen, Hero, Mage.",Hit Points: 5 Hero. Lizardmen. Mage. Order only. Limit one Hero per zone. Action: Spend 2 resources to deal X damage to target unit. X is the number of Lizardmen units in this zone.,Daarken,3
Lord of Change,March of the Damned,21,Chaos,Unit,6,3,4,3,3,Daemon,Hit Points: 4 Daemon. Players play with the top card of their decks revealed. You may play the top card of your deck as though it were in your hand.,Illich Henriquez,3
Lord of Ironfrost,Cataclysm,41,Dark Elf,Unit,4,2,4,3,2,Hero,"Hit Points: 4 Hero. Limit 1 Heroper zone. While this unit is attacking a player with no resources or with no cards in his hand, units cannot defend.",Sandara Tang,3
Lord of Khorne,Cataclysm,33,Chaos,Unit,3,1,3,2,1,Warrior,"Hit Points: 3 Warrior. This unit deals +1 damage in combat for each burning zone. With every enemy felled in the heat of battle, his thirst for blood grew.",Jeremy Jarvis,3
Lord of the Dead,Hidden Kingdoms,30,Neutral,Unit,4,2,2,,,"Undead, Vampire","- Destruction only. Action: When this unit enters play, use the Necromancy ability on a card in your discard pile without paying its cost.",,
Lore Seeker,Karaz a Karak,63,Dwarf,Unit,2,1,2,1,1,Priest,"Hit Points: 2 Priest. Action: When you play a tactic, put a resource token on this card. Action: Move a resource token from this card to another card with a resource token already on it.",0 Comments,3
Loremaster of Hoeth,Assault on Ulthuan,7,High Elf,Unit,2,1,2,1,1,Mage,"Hit Points: 2 Mage. Forced: After this unit enters play, each player takes 2 indriect damage. (Players assign their own indirect damage.)",Clint Langley,
Lothern Reapeter Crew,Hidden Kingdoms,44,High Elf,Unit,3 +,1,3,,,Warrior,,,
Lothern Sea Guard,The Silent Forge,45,High Elf,Unit,4,2,4,2,2,"Warrior, Elite","Hit Points: 4 Warrior. Elite. If you discard this card from your hand due to an opponent's card effect, put it into play. (You choose the zone this unit enters play).",Clint Langley,3
Lothern Sea Master,Rising Dawn,9,High Elf,Unit,3,1,3,1,1,"Warrior, Elite","Hit Points: 3 Warrior. Elite. Battlefield. This unit enters play with 3 resource tokens on it. Action: Deal X indirect damage to target opponent. X is the number of resource tokens on this unit. Then, remove 1 resource token from this card. (Limit once per turn).",Mike Nash,3
Ludwig Schwarzheim,Days of Blood,7,Empire,Unit,4,3,3,3,3,"Knight, Standard Bearer","Hit Points: 3 Knight. Standard Bearer. Toughness X. X is the number of experience attacked to this unit. Action: When this unit attacks or defends, attach 1 experience to it.",Lukasz Jaskolski,3
Luminark of Hysh,Cataclysm,21,Empire,Support,3,2,,1,2,War Machine,"War Machine. If this zone is burning, this card loses [Power] [Power]. Used to guard the vaults of the Colleges of Magic, the luminarks are only deployed under the most grave of circumstances.",Kevin T. Chin,3
Lure Them Out,Assault on Ulthuan,45,Dwarf,Tactic,1 +,,,,,,,,
Luthor Huss,Signs in the Stars,67,Empire,Unit,3,1,3,2,1,"Hero, Warrior, Priest",Hit Points: 3 Hero. Warrior. Priest. Limit one Hero per zone. Each unit in this zone gains Counterstrike 1. For Sigmar! Honour and glory!,Ignacio Lazcano,3
Lying in Wait,The Ruinous Hordes,100,Neutral,Tactic,0,,,0,,,Action: Turn target unit you control facedown into a development. Hold here men. Let them come to us.,Justin Norman,3
Mad Shaman,Bleeding Sun,110,Orc,Unit,4,1,3,2,1,Shaman,"Hit Points: 3 Shaman. This unit gains [Power] for each resource token on it. If this unit has more resource tokens on it than hit points, sacrifice it. Forced: At the beginning of your turn, put a resource token on this unit.",John Wigley,3
Madtoof Ironleg,The Iron Rock,43,Orc,Unit,4,2,5,3,2,"Hero, Troll","Hit Points: 5 Hero. Troll. Limit one Hero per zone. Action: At the beginning of your turn, target unit you control gains [Power] equal to its loyality. Then, sacrifice it at the end of the turn.",David A. Nash,3
Mage of Loec,Portent of Doom,90,High Elf,Unit,3,1,2,2,1,Mage,"Hit Points: 2 Mage. Action: Cancel an Action just triggered. Then, this unit becomes a facedown development unless you discard a quest from your hand.",Jen Zee,3
Mage of the White Tower,The Imperial Throne,113,High Elf,Unit,3,1,2,3,1,Mage,"Hit Points: 2 Mage. This unit gains [Power] for each Attachment support card attached to it. Action: When you attach an Attachment support card to this unit, draw a card.",Nacho Molina,3
Mage-Priest of Itza,Vessel of the Winds,76,Neutral,Unit,3,1,3,0,1,"Lizardmen, Slaan, Priest","Hit Points: 3 Lizardmen. Slaan. Priest. Order only. Action: When this unit enters play, shuffle the top 5 cards of your discard pile back into your deck.",Jasper Sandner,3
Magewrath Trone,Cataclysm,59,Neutral,Fulcrum,2,,,0,,,"Forced: When you take control of this fulcrum, lose 1 dominance.",Lino Drieghe,1
Magic Ward,Days of Blood,12,High Elf,Tactic,2,,,2,,Spell,Spell. Action: Choose an opponent's zone. Treat the printed text box of each unit in that zone as though it were blank (except for traits) until the end of the phase. All your vaunted power is nothing to me.,April Lee,3
Maid Of Sigmar,Oaths of Vengeance,28,Empire,Unit,2,,2,2,0,Priest,"Hit Points: 2 Priest. Battlefield only. This unit gains [Power] for each experience attached to it. Action: When this unit attacks or defends, attach 1 experience to it.",Vincent Devault,3
Makka Greenfist,Cataclysm,9,Orc,Unit,3,1,3,3,1,"Hero, Shaman",Hit Points: 3 Hero. Shaman. Limit 1 Heroper zone. This unit gains [Power] [Power] [Power] while attacking a damaged zone. The greenskins have a knack for pillaging the weakest targets first.,Mark Molnar,3
Maledictor of Tzeentch,Assault on Ulthuan,52,Chaos,Unit,4 +,2,3,,,,"- Forced: At the beginning of your turn, this unit and one other target unit each take 1 damage.",,
Malekith,Legends,36,Dark Elf,Legend,6,6,4,5,,,"Action: At the beginning of your turn, each opponent must sacrifice a unit. ""If they shall not bow to me, the rightful ruler of Ulthuan, then I shall see each tower crumble and every soul scourged in pain, until they beg for my rule.""",Dmitry Burmak,3
Malekith's Rage,The Eclipse of Hope,97,Dark Elf,Quest,0,,,2,,,"Action: When you play a development from your hand, put a resource token on this card if a unit is questing here. Action: Discard 2 resources on this card to have target unit get -1 hit points until the end of the turn.",Games Workshop Ltd,3
Malekith's Throne,Omens of Ruin,17,Dark Elf,Support,2,1,,2,1,Building,Building. Units in a zone with no developments get -1 hit points,Illich Henriquez,3
Malus Darkblade,The Skavenblight Threat,12,Dark Elf,Unit,5,3,3,3,3,Hero,"Hit Points: 3 Hero. Limit one Hero per zone. At the end of your battlefield phase, deal 1 damage to each of your opponent's units that could have defended but did not.",Adrian Smith,
Manaan Take You!,March of the Damned,10,Empire,Tactic,3,,,2,,Spell,Spell. Action: Destroy target unit or support card in a zone with no developments. Never far from the thoughts of sailors. Manaan is a fickle and dangerous god. He is worshipped as much to appease him as to gain his favour.,Zachary Graves,3
Mangler Squigs,Shield of the Gods,105,Orc,Unit,4,2,4,2,2,"Creature, Squig","Hit Points: 4 Creature. Squig. Action: When this unit attacks, reveal the top card of your deck. If the printed cost of the revealed card is odd, double this unit's power until the end of the turn. Otherwise, this unit takes 2 damage.",Marco Caradonna,3
Mannfred von Carstein,The Inevitable City,18,Neutral,Unit,3,1,3,0,1,"Undead, Vampire","Hit Points: 3 Undead. Vampire. Destruction only. This card gains [Power] for each resource token on it. Action: Discard a card from your hand to put target unit in an opponent's discard pile on the bottom of his deck. Then, place a resource token on this card. Card designed by 2010 World Champion Timothy Lyons",Magali Villeneuve,3
Maranith,Rising Dawn,14,Dark Elf,Unit,3,1,3,2,1,"Commander, Raider","Hit Points: 3 Commander. Raider. Action: Remove 1 resource token from a Black Ark card support card you control to discard the top card of an opponent's deck. If the discarded card is a unit, gain 2 resources. That's 'Commander Maranith' to you, slave.",Magali Villeneuve,3
Marauder Chieftain,Legends,33,Chaos,Unit,3,1,3,1,1,Warrior,"Hit Points: 3 Warrior. Action: At the beginning of your turn, deal 1 damage to target capital (you choose which zone).",Simon Dominic,3
Marauding Giant,The Silent Forge,59,Neutral,Unit,5,3,5,0,3,Giant,Hit Points: 5 Giant. Destruction only. Marauding Giant cannot attack or defend alone. I's gunna smash.. whut wuz I smashin' agin?,Ryan Barger,3
Marius the Righteous,The Skavenblight Threat,18,Neutral,Unit,4,2,4,0,2,"Hero, Witchhunter",Hit Points: 4 Hero. Witchhunter. Limit one Hero per zone. Order only. Quest. Action: Spend 1 resource to deal 1 damage to one target corrupted unit in the battlefield. Suffer not the witch to live.,Lin Yang,
Mark of Chaos,Omens of Ruin,13,Chaos,Support,1,,,2,0,"Attachment, Spell","Attachment. Spell. Attach to a target unit. Attached unit gains [Power][Power]. Forced: At the beginning of your turn, attached unit takes 1 uncancellable damage.",BANE,3
Marked for Death,Glory of Days Past,78,Dark Elf,Support,0,,,2,0,Attachment,"Attachment. Attach to a target unit. When attached unit leaves play, attached unit's controller must discard X cards from the top of his deck. X is the attached unit's cost.",Mauro Dal Bo,3
Martog's Best Basha,The Iron Rock,47,Orc,Support,2,,,2,0,"Attachment, Weapon","Attachment. Weapon. Attach to target [Orc] unit. While attached unit is attacking, it gains [Power] equal to the number of developments in the defending zone.",Blake Henriksen,3
Masque of Slaanesh,Signs in the Stars,74,Chaos,Unit,4,2,4,2,2,Hero,"Hit Points: 4 Hero. Limit one Hero per zone. Action: At the beginning of your turn, each player names a unit. Corrupt all copies of the named unit.",Xiaochen Fu,3
Master Alchemist,Karaz a Karak,72,Empire,Unit,3,2,2,4,2,Mage,"Hit Points: 2 Mage. You may spend resource tokens on this unit to play cards. Action: At the beginning of your turn, discard a card from your hand to put a resource token on this card.",0 Comments,3
Master Engineer,Vessel of the Winds,68,Empire,Unit,3,1,3,1,1,Engineer,Hit Points: 3 Engineer. Action: Spend 1 resource to put a Siege or Fortification card into play in this zone from your hand.,Illich Henriquez,3
Master Moulder,Hidden Kingdoms,22,Neutral,Unit,3,1,3,,,Skaven,- Destruction only.Lower the cost of the first Skaven unit you play each turn by 1 for each corrupted Skaven unit you control.,,
Master of Maps,Fragments of Power,23,Dwarf,Unit,0,,1,2,0,Priest,"Hit Points: 1 Priest. Limited. Action: When you play a quest from your hand, you can play an additional Limited card this turn. These mountains are no mystery to me.",Anna Ignatieva,3
Master of Qhaysh,Glory of Days Past,67,High Elf,Unit,2,1,2,2,1,Mage,"Hit Points: 2 Mage. Action: When this unit survives an attack on an opponent's zone, put 1 resource token on a card with at least 1 resource on it. I did not study magic for a century to be lectured by an upstart like you.",Sandra Tang,3
Master of the Earth,Legends,28,High Elf,Tactic,3,,,3,,Spell,Spell. Action: Deal X indirect damage to target player. X is the number of developments you control.,Adam Lane,3
Master Rune of Defence,Bleeding Sun,103,Dwarf,Tactic,2,,,2,,Rune,Rune. Action: Put into play one target Building support card that entered your discard pile this turn. (You choose the zone in which the card enters play.) Vast strength imbued through the power of the rune.,Loren Fetterman,3
Master Rune of Disguise,Realm of the Phoenix King,21,Dwarf,Support,1,,,2,0,"Attachment, Rune","Attachment. Rune. Attach to a target support card. Attached card may not be targeted by card effects. ""Bolt throwa? Dere's no throwa!"" - last words of Kurgac Sharpeye",David A. Nash,3
Master Rune of Dismay,Core Set,16,Dwarf,Support,4 +,2,,,,Rune,- Kingdom. Opponent's units cost 1 additional resource to play.,,
Master Rune of Spite,The Fall of Karak Grimaz,21,Dwarf,Tactic,3,,,3,,Rune,Rune. Action: Each unit deals damage to itself equal to its power. May your hate return to you!,Adrian Smith,3
Master Rune of Valaya,Core Set,25,Dwarf,Tactic,2 +,,,,,"Spell, Rune",- Action: Cancel all damage assigned during the battlefield phase this turn.,,
Master Runesmith,The Twin Tailed Comet,42,Dwarf,Unit,3,1,2,1,1,Priest,"Hit Points: 2 Priest. You may spend resource tokens on this unit to play tactics. Action: When you play a development from your hand, put a resource token on this unit.",Games Workshop Ltd,3
Mastering the Spell,The Eclipse of Hope,88,Empire,Tactic,2,,,3,,Spell,"Spell. Action: Put the top card of your deck into play facedown as a development. Then, move target unit with a printed cost of X or lower to another zone controlled by the same player. X is the number of developments you control.",Lindsey Messecar,3
Melekh the Changer,Core Set,88,Chaos,Unit,3,1,3,2,1,"Hero, Mage",Hit Points: 3 Hero. Mage. Limit one Hero per zone. This unit gains [Power] for each corrupted card controlled by an opponent.,Adrian Smith,1
Merciless Assault,March of the Damned,5,Dwarf,Tactic,2,,,2,,,Action: Target attacking unit you control gains [Power][Power][Power] until the end of the turn.,Michael Phillippi,3
Mercy of Shallya,Cataclysm,24,Empire,Tactic,1 +,,,,,,,,
Midden Moors Watchtower,Days of Blood,9,Empire,Support,2,1,,1,1,Fortification,"Fortification. Forced: When an opponent declares an attack on this zone, look at that opponent's hand. Then, name a card. The named card cannot be played this phase.",Yoann Boissonnet,3
Middenheim Lookout,Days of Blood,8,Empire,Unit,1,,3,1,0,Ranger,"Hit Points: 3 Ranger. Empire only. Ambush 1. Action: When this unit ambushes, move target unit you control into this zone and declare that unit as a defender. The soldiers rally quickly to the sound of the watchman's horn.",J. B. Casacop,3
Mind Killer,Assault on Ulthuan,33,Dark Elf,Support,0 +,,,,,"Attachment, Hex",- Attach to a target unit. Attached unit loses one power.,,
Mine Engineers,Glory of Days Past,63,Dwarf,Unit,3,1,3,1,1,Engineer,"Hit Points: 3 Engineer. Dwarf only. Ambush 2. Action: When this unit ambushes, heal up to 3 damage from your capital. The grobi are in for a surprise if they come this way.",0 Comments,3
Mineshaft Engineer,Karaz a Karak,66,Dwarf,Unit,4,1,4,1,1,Engineer,Hit Points: 4 Engineer. Action: Sacrifice a development in this zone to reveal the top five cards of your deck. randomly take one revealed card into your hand and discard the rest. Let's just blast it.,0 Comments,3
Mining Tunnels,The Burning of Derricksburg,2,Dwarf,Unit,2,1,,1,1,Building,"Hit Points: 0 Building. Action: When you play a development from your hand, draw a card. The ore in these seams will become the weapons of your destruction.",Leonardo Borazio,3
Mob O' Hutz,Battle for the Old World,43,Orc,Support,1,1,,1,1,Building,"Building. If you control a faceup non-[Orc] unit or support card, sacrifice this card.",Marco Caradonna,3
Mob Up,Tooth and Claw,49,Orc,Tactic,0,,,1,,,Action: Until the end of the turn combat damage cannot be cancelled. More boyz means more bashin'!,Franz Vohwinkel,3
Monster of the Deep,Legends,40,Dark Elf,Unit,6,3,4,3,3,Creature,Hit Points: 4 Creature. Action: Corrupt this unit and choose up to two target units. Those units cannot attack or defend until the end of the turn.,Tom Garden,3
Moon Dragon,Chaos Moon,29,High Elf,Unit,7,4,5,3,4,Dragon,"Hit Points: 5 Dragon. Action: When this unit enters play, each player chooses up to one unit in each of his zones. All other units are sacrificed. Old when Aenarion was young, powerful beyond mortal comprehension...",Grzegorz Rutkowski,3
Moon Staff of Lileath,Bleeding Sun,108,High Elf,Support,2,,,3,0,"Attachment, Weapon","Attachment. Weapon. Attach to target [High Elf] unit. Action: When attached unit attacks or defends, deal 2 indirect damage to each opponent. Lileath has blessed this stave of office.",Dimitri Bielak,3
Morathi,Legends,37,Dark Elf,Legend,5,3,3,4,,,"Action: Spend 2 resources to choose a target unit. That unit loses all power until the end of the turn. ""I shivered at the sight of her - her beauty far beyond that of mortal man. But her soul glowed with an inner darkness that chilled my very core."" - Imperial Soldier",Magali Villeneuve,3
Morathi's Gift,Cataclysm,47,Dark Elf,Support,1 +,,,,,"Attachment, Creature",- Attach to target Dark Elf unit. Attached unit gains Scout.,,
Morathi's Pegasus,The Skavenblight Threat,13,Dark Elf,Unit,3,1,3,2,1,Cavalry,"Hit Points: 3 Cavalry. Toughness 3 (whenever this unit is assigned damage, cancel 3 of that damage). Action: Spend 3 resources to have this unit lose all Toughness until the end of the turn. Only an opponent may trigger this ability.",Sam Wood,
Morglor the Mangler,Vessel of the Winds,67,Orc,Support,1,,,1,0,"Weapon, Attachment",Weapon. Attachment. Attach to a target [Orc] unit or legend. Attached unit or legend deals +2 damage in combat. Attached legend deals an additional +4 damage in combat while opposed.,Sam Flegal,3
Mork's Teef Ritual,The Iron Rock,51,Orc,Tactic,0,,,5,,Spell,"Spell. Action: Sacrifice an [Orc] unit to put a unit into play from your hand. Then, deal 3 damage to a section of your capital. Sometimes the best sacrifices are the accidental ones.",Emil Landgreen,3
Mortella,Assault on Ulthuan,27,Dark Elf,Unit,3,1,3,3,1,"Hero, Sorceror","Hit Points: 3 Hero. Sorcerer. Limit 1 Hero per zone. Quest. Action: Corrupt this unit to play a tactic out of an opponent's discard pile, ignoring loyalty costs, as if it were in your hand. Return that card to the bottom of its owner's deck. (Play restrictions must still be observed.)",April Lee,
Mortis Engine,Hidden Kingdoms,33,Neutral,Support,4,2,,,,,"- Undead Only.You may play units from any opponent's discard pile as if they had Necromancy and were in your discard pile, ignoring loyalty costs.",,
Morvael's Legacy,Arcane Fire,108,High Elf,Tactic,10,,,3,,Epic Spell,"Epic Spell. Play only during your turn. Action: Put into play all units in your discard pile. (You choose which zone each unit enters.) The greatest hero of an age, his memory fills all high elves with vigor.",Luke Mancini,1
Mountain Barracks,Assault on Ulthuan,44,Dwarf,Support,2 +,1,,,,Building,"- Your Dwarf units in this zone gain Toughness 1 (whenever this unit is assigned damage, cancel 1 of that damage.)",,
Mountain Brigade,Core Set,11,Dwarf,Unit,4 +,2,6,,,Warrior,,,
Mountain Brigands,The Fourth Waystone,100,Neutral,Unit,2,1,2,0,1,Thief,"Hit Points: 2 Thief. Action: When this unit enters play, target opponent must give you 1 resource. Your money or your life?",Ignacio Lazcano,3
Mountain Guard,The Eclipse of Hope,81,Dwarf,Unit,2,1,3,1,1,Warrior,"Hit Points: 3 Warrior. ...and when those grobi followed my tracks up the slope, I collapsed, oh, about twenty thousand stone of ice and snow atop their heads. So we needn't worry about the Frozen Noze tribe no more.",Jared Blando,3
Mountain Legion,The Deathmaster's Dance,61,Dwarf,Unit,1,1,1,3,1,Warrior,"Hit Points: 1 Warrior. Toughness 1 (whenever this unit is assigned damage, cancel 1 of that damage). ""We could see a legion of fierce dwarfs silhouetted against the peaks."" - Johannes Broheim",Adrian Smith,3
Mountain Sentry,Karaz a Karak,61,Dwarf,Unit,1,0,1,2,0,Musician,Hit Points: 1 Musician. Ranger units in this zone get +2 hit points. only one with strong lungs may blow the mountain horn.,1 Comments,3
Mounted Marauders,Rising Dawn,12,Chaos,Unit,4,2,2,2,2,"Warrior, Cavalry","Hit Points: 2 Warrior. Calvary. Forced: When this unit attacks and survives combat, defending player must sacrifice a quest or support card he controls in the attacked zone, if able.",David A. Nash,3
Muck,The Silent Forge,60,Neutral,Tactic,2,,,0,,,"Action: Discard your hand. Then, draw as many cards as you just discarded. Loss can sometimes turn into gain.",Marco Caradonna,3
Murderlust,Portent of Doom,93,Dark Elf,Tactic,0,,,2,,,Action: Sacrifice a unit to restore up to 2 target units. Your blood is my victory.,Magali Villeneuve,3
Mushroom Hunters,Realm of the Phoenix King,22,Orc,Unit,2,1,1,2,1,Goblin,"Hit Points: 1 Goblin. Action: At the beginning of your turn, discard the top card of your deck. This card gains [Power] equal to the [Power] of the discarded card until the end of the turn.",Jon Bosco,3
Muster for War,Days of Blood,20,Neutral,Tactic,0,,,0,,,Limited. Play during your Quest phase. Action: Gain 2 resources and draw 2 cards. You have no Battlefield phase this turn. We must gather our strength before we march.,Even Mehl Amundsen,3
My Life For The Hold!,The Fourth Waystone,82,Dwarf,Tactic,0,,,2,,,Action: Sacrifice a unit to cancel all damage dealt to your capital until the end of the turn. One life given to save many.,Jake Masbruch,3
Nagarythe Archer,Oaths of Vengeance,24,High Elf,Unit,3,1,3,1,1,Ranger,"Hit Points: 3 Ranger. High Elf only. Ambush 2. Action: When this unit ambushes, deal 3 indirect damage to target opponent. Silent and deadly, they strike unseen.",Wen Xiaodong,3
Nagarythe Warrior,Battle for the Old World,51,High Elf,Unit,4,2,3,2,2,"Elite, Ranger","Hit Points: 3 Elite. Ranger. High Elf only. Ambush 2. Action: When this unit ambushes, deal 1 damage to each damaged unit. Their own kin mistrust them, so deep is their hatred.",0 Comments,3
Naggarond Forge,Shield of the Gods,114,Dark Elf,Support,1,1,,1,1,Location,"Location. Forced: At the end of your turn, discard a card from your hand or sacrifice this card. The Witch King suffers no interrupts of labor in the forges of Naggarond.",Cristi Balanescu,3
Naggaroth Spearmen,Warpstone Chronicles,96,Dark Elf,Unit,3,1,2,2,1,"Warrior, Battlefield","Hit Points: 2 Warrior. Battlefield. Action: Spend X resources to have this unit deal +X damage in combat until the end of the turn. X is the number of development cards in this zone. Wicked blades decorate their weapons, armour, and skin.",Dave Gallagher,1
Necrodomo's Prophecy,Shield of the Gods,112,Chaos,Tactic,0,,,5,,,"Action: Sacrifice a unit to search your deck for a [Chaos] card, reveal it, and shuffle your deck. Then, put that card on top of your deck. One more eye to rip.",A. L. Ashbaugh,3
Necrotic Spasms,Bleeding Sun,115,Chaos,Support,1,,,2,0,"Attachment, Disease","Attachment. Disease. Attach to a target unit. Action: At the beginning of its controller's turn, attached unit takes 1 uncancellable damage.",Mike Capprotti,3
New Trade Route,Rising Dawn,18,Dwarf,Quest,0,,,2,,,Quest. The unit questing on this card adds its power to your kingdom zone as well.,Lin Bo,3
Night Goblin Fanatic,Chaos Moon,24,Orc,Unit,2,1,2,2,1,Goblin,"Hit Points: 2 Goblin. Action: When this unit attacks, reveal the top card of your deck. If the printed cost of the revealed card is odd, deal 2 uncancellable damage to each unit in the defending zone. Otherwise, sacrifice this unit. Then, shuffle your deck.",Mike Nash,3
Night Goblins,Core Set,64,Orc,Unit,2 +,1,2,,,"Goblin, Shaman","- Forced: After this unit enters play, destroy one target Attachment card in any player's corresponding zone, if able.",,
Night Raids,Assault on Ulthuan,31,Dark Elf,Quest,2 +,,,,,,,,
Night Runners,The Burning of Derricksburg,20,Neutral,Unit,2,1,1,0,1,"Skaven, Destruction only",Hit Points: 1 Skaven. Destruction only. Action: Corrupt this unit to deal indirect damage equal to its power to target opponent (players allocate their own indirect damage).,Ryan Barger,3
Nimble Spearman,Omens of Ruin,19,Neutral,Unit,2,1,2,0,1,,"Hit Points: 2 Wood Elf. Order only. Action: When this unit enters play, put the top card of your deck into this zone facedown as a development.",Matt Zeilinger,3
Nordland Halberdiers,The Skavenblight Threat,3,Empire,Unit,4,2,2,2,2,Warrior,"Hit Points: 2 Warrior. You my play this unit from your hand any time you could take an action. Held in reserve, until just the right moment.",Sam Wood,
Norse Charger,The Ruinous Hordes,84,Chaos,Unit,1,1,1,2,1,Berserker,"Hit Points: 1 Berserker. Battlefield only. Action: When this unit attacks, examine all developments in the defending zone. Then, you may sacrifice this unit to destroy target development in that zone.",0 Comments,3
Norse Clansman,Battle for the Old World,53,Chaos,Unit,3,1,3,1,1,Berserker,"Hit Points: 3 Berserker. Forced: When this unit is opposed in combat, discard the top card of your deck. If the discarded card is a unit, deal 1 uncancellable damage to target attacking or defending unit. Now you die!",0 Comments,3
Norse Marauders,Days of Blood,16,Chaos,Unit,4,2,3,1,2,Warrior,"Hit Points: 3 Warrior. Raider 3. Alright you slugs, don't forget: pillage first, then burn!",Chris Trevas,3
Northern Forge,Portent of Doom,95,Chaos,Support,2,1,,2,1,Location,"Location. Action: Corrupt this card to put an Attachment support card into play from your hand and attach it to target [Chaos] unit you control, if able. Fire and brawn.",Cristi Balanescu,3
Northern Wastes,The Ruinous Hordes,83,Chaos,Support,1,1,,1,1,Wasteland,"Wasteland. If you control a faceup non-Chaos unit or support card, sacrifice this card.",Jorge Maese,3
Nuln Tinkerers,Core Set,29,Empire,Unit,3,1,3,1,1,Engineer,"Hit Points: 3 Engineer. Kingdom. Lower the cost of the first support card you play each turn by 1. ""Just a half pinch more powder...""",Caravan Studio,1
Numberless Graves,March of the Damned,50,Neutral,Support,3,1,,0,1,Undead.,"Undead. Destruction only. Action: When an opponent's unit is destroyed, draw a card from the bottom of your deck.",Games Workshop Ltd,3
Nurgle Sorceror,Core Set,84,Chaos,Unit,3,,,3,1,,Hit Points: 2 Sorceror. Quest. Action: Spend 3 resources to deal 1 damage to one target unit. Deal an additional damage to the target if that unit is corrupted.,Igor Kieryluk,1
Nurgle's Pestilence,Core Set,101,Chaos,Tactic,3 +,,,,,Spell,- Action: Each unit in play takes 1 damage. Corrupted units take an additional damage.,,
Nurgle's Reach,Faith and Steel,115,Chaos,Tactic,1,,,3,,Spell,Spell. Action: Reveal all developments in target zone. Destroy each development with Ambush revealed by this effect. Put the rest back facedown.,Michael Ivan,3
Oathbearer,Bleeding Sun,101,Dwarf,Unit,2,1,2,1,1,Warrior,"Hit Points: 2 Warrior. If this unit would be destroyed, instead put it face down as a development in this zone. A Dwarf's word is worth a man's life.",Mark Smith,3
Oathstone,March of the Damned,3,Dwarf,Support,1,,,2,0,"Attachment, Rune","Attachment. Rune. Attach to a target unit you control. If attached unit is destroyed, draw four cards.",Loren Fetterman,3
Offering of Blood,The Deathmaster's Dance,75,Chaos,Tactic,0,,,2,,,"Action: Sacrifice a unit. If you do, deal 1 damage to each section of each opponent's capital. We need more blood. Yours will do nicely...",Paul [Prof] Herbert,3
Offering to Hekarti,The Fourth Waystone,97,Dark Elf,Quest,0,,,2,,Quest,"Quest. Action: Discard X resource tokens from this card to give target unit -X hit points until the end of the turn. Quest. Forced: After a unit is put into target opponent's discard pile from play, put a resource token on this card if a unit is questing here.",Dave Gallagher,3
One Orc's Scrap...,Bleeding Sun,112,Orc,Support,2,1,,1,1,- Building,Building. Kingdom. Action: Sacrifice a development to draw a card. Dis is only fit fur a gobbo.,Caravan Studio,3
Oozing Eye,Legends,34,Chaos,Support,1,,,2,0,"Attachment, Disease","Attachment. Disease. Attach to a target unit. Attached unit cannot attack. If attached unit leaves play, you may spend 2 resources to return Oozing Eye to its owner's hand.",Andrew Silver,3
Open the Armoury,The Ruinous Hordes,90,Dwarf,Tactic,0,,,3,,,Play only at the beginning of your turn. Action: Play a unit or support card from your hand. (Paying all costs.),Christer Hagglund,3
Orc Bully,Rising Dawn,5,Orc,Unit,3,2,2,2,2,Elite,"Hit Points: 2 Elite. Forced: When this unit enters play, deal 1 damage to each Goblin unit you control. A little whip goes a long way.",Chun Lo,3
Orc Shaman,The Twin Tailed Comet,45,Orc,Unit,3,1,3,1,1,Sorceror,"Hit Points: 3 Sorceror. Action: When you play a development from your hand, put a resource token on this unit. Then, you may move up to X damage from this zone of your capital to a target unit you control. X is the number of resource tokens on this unit.",Games Workshop Ltd,3
Orc Warboss,The Ruinous Hordes,93,Orc,Unit,4,2,3,2,2,Elite,"Hit Points: 3 Elite. Battlefield only. Action: When this unit survives an attack that dealt damage to an opponent's zone, sacrifice this unit to gain an additional battlefield phase this turn after the current battlefield phase.",0 Comments,3
Orc Warning Post,Faith and Steel,112,Orc,Support,2,1,,2,1,Fortification,Fortification. This zone cannot be attacked. Action: Sacrifice a development to treat this card's printed text box as if it were blank (except for traits) until the end of the turn. Only an opponent may trigger this ability.,Ignacio Bazan Lazcano,3
Orc/Dark Elf Alliance,Core Set,127,Neutral,Support,2,1,,0,1,Banner,Banner. Destruction only. (This Alliance provides both an Orc and a Dark Elf loyalty symbol.),0 Comments,1
Orcish Artillery,Hidden Kingdoms,54,Orc,Tactic,2 +,,,,,,,,
Order in Chaos,The Burning of Derricksburg,18,Neutral,Tactic,1,,,0,,Order only,Order only. Action: Put the top two cards of target player's discard pile on top of his deck. A small measure of sanity.,Erik Gist,3
Organ Gun,Core Set,15,Dwarf,Support,0,,,2,0,"Attachment, Weapon",Attachment. Weapon. Attach to a target unit. Attached unit gains [Power][Power] while defending. A dwarf device - deadly and reliable forever.,Caravan Studio,1
Osterknacht Elite,The Eclipse of Hope,87,Empire,Unit,3,1,3,2,1,"Knight, Elite","Hit Points: 3 Knight. Elite. Action: When this unit enters play, return another target unit you control and target unit an opponent controls to their owner's hands.",Margaret Hardy,3
Ostland Bowmen,Cataclysm,18,Empire,Unit,2 +,1,1,,,Warrior,- Counterstrike 1. This unit can defend any unburned zone if you are not attacking.,,
Ostland Greatswords,Glory of Days Past,65,Empire,Unit,3,1,3,1,1,Warrior,Hit Points: 3 Warrior. Raider 2. Forward! For glory and riches!,0 Comments,3
Outlaw Sorcerer,Glory of Days Past,76,Dark Elf,Unit,2,1,2,1,1,Sorcerer,"Hit Points: 2 Sorcerer. Dark Elf only. Ambush 1. Action: When this unit ambushes, discard a card at random from attacking opponent's hand. Some male Druchii are willing to risk death in order to study the arcane arts.",Adam Lane,3
Outlying Tower,Oaths of Vengeance,23,High Elf,Support,1,1,,1,1,Building,"Building. If you control a non-[High Elf] card, sacrifice this card.",Yoann Boissonnet,3
Outpost of Tiranoc,The Silent Forge,47,High Elf,Support,2,1,,1,1,Building,"Building. Whenever you deal indirect damage, deal an additional point of indirect damage. An eye looking out over the lands around our realm.",Loren Fetterman,3
P'tarix,Vessel of the Winds,73,Chaos,Unit,2,1,1,2,1,Daemon,Hit Points: 1 Daemon. Action: Corrupt this unit to reveal a Spell or Epic Spell tactic from your hand and put it on top of your deck.,David A. Nash,3
Pageant of Shrikes,City of Winter,97,Neutral,Tactic,2,,,0,,Wood Elf,"Wood Elf. Order only. Play only if you control a Wood Elf unit. Action: Return 3 target developments to their owners' hands. Flitting like quicksilver, leaving havoc in their wake.",Timo Karhula,3
Painful Mutation,Glory of Days Past,75,Chaos,Support,1,,,2,0,"Attachment, Mutation","Attachment. Mutation. Attach to a target unit in any battlefield zone. Attached unit gains [Power][Power]. Forced: At the beginning of your turn, deal X indirect damage to attached unit's controller. X is attached unit's total [Power].",Ryan Barger,3
Pantheon Prayer,Cataclysm,23,Empire,Tactic,2 +,,,,,,,,
Panther Champion,The Ruinous Hordes,86,Empire,Unit,4,2,4,2,2,Knight,"Hit Points: 4 Knight. Action: When this unit defends, remove it and target attacking unit from combat. Then, this unit deals damage equal to its power to that unit and that unit deals damage equal to its power to this unit.",0 Comments,3
Paranoia,Karaz a Karak,78,Neutral,Unit,1,,,0,0,"Attachment, Condition",Hit Points: 0 Attachment. Condition. Attach to a target unit. Cards with fewer than 3 loyalty cannot enter this zone. Action: Destroy attached unit. Only your opponent may trigger this ability.,Cristi Balanescu,3
Peasant Militia,Core Set,26,Empire,Unit,0,,3,1,0,Warrior,"Hit Points: 3 Warrior. ""To arms! To arms!""",Karl Kopinski,1
Peerless Swordmistress,Legends,25,High Elf,Unit,5,2,3,2,2,"Warrior, Elite","Hit Points: 3 Warrior. Elite. Action: When this unit is opposed in combat, deal X damage to target opposing unit. X is the number of opposing units.",Magali Villeneuve,3
Pegasus Knight,Battle for the Old World,59,Neutral,Unit,4,2,4,0,2,"Bretonnian, Knight","Hit Points: 4 Bretonnian. Knight. Order only. Battlefield only. Action: When you declare attackers, you may declare this unit as an attacker against a different zone.",0 Comments,3
Perfecting the Spell,The Eclipse of Hope,91,High Elf,Tactic,2,,,3,,Spell,"Spell. Action: Put the top card of your deck into play facedown as a development. Then, look at the top X cards of your deck and put them back on the top or bottom of your deck in any order. X is the number of developments you control.",Jarreau Wimberly,3
Phoenix Talon,Cataclysm,30,High Elf,Support,1 +,,,,,"Attachment, Weapon",- Attach to target High Elf unit.Attached unit deals +3 damage in combat while defending.,,
Phoenix Ward,Realm of the Phoenix King,31,High Elf,Unit,0,,,3,0,"Spell, Fortification",Hit Points: 0 Spell. Fortification. This zone cannot be attacked. Action: Discard a card from your hand to treat this card's printed text box as though it were blank until the end of the turn. Only an opponent may trigger this ability.,Ben Zweifel,3
Pigeon Bombs,City of Winter,83,Empire,Tactic,0,,,3,,,"Action: Deal 1 uncancellable indirect damage to target player. Then, you may put this card on top of your deck. ""Generally accurate."" - Imperial soldiers' manual",Igor Kieryluk,3
Pile uv Shinies,Fiery Dawn,104,Orc,Support,4,2,,2,2,,"Action: When a unit with printed cost 4 or greater enters play under your control, draw a card.",John Wigley,3
Pilgrimage,Core Set,117,Neutral,Tactic,4,,,,,,,,
Pillage,Core Set,78,Orc,Tactic,2 +,,,,,,- Action: Destroy one target support card.,,
Pillaged Village,Cataclysm,14,Orc,Support,4 +,2,,,,Building,"- Orc only. When you burn a zone during an attack, you may put this card into play from your hand (in any zone).",,
Pink Horrors,The Inevitable City,7,Chaos,Unit,2,1,2,2,1,Daemon,"Hit Points: 2 Daemon. Action: When this unit enters play, put a card named Pink Horror or Blue Horrors into play from your hand. ""But wait, there's more!"" - last words of Sargeant Swartzhold",Jake Masbruch,3
Pistoliers,Core Set,36,Empire,Unit,2,1,2,1,1,Ranger,Hit Points: 2 Ranger. Action: Spend 1 resource to move this unit from its current zone to another of your zones.,Liu Yang,3
Plague Bomb,Chaos Moon,34,Chaos,Tactic,3,,,3,,"Spell, Disease","Spell. Disease. Action: Deal 1 damage to target unit. Deal 2 damage to another target unit. Deal 3 damage to a third target unit. Such a lovely pestilence, and such a pleasure to share!",David Michael Wright,3
Plague Monk,Arcane Fire,120,Neutral,Unit,2,1,2,0,1,Skaven,"Hit Points: 2 Skaven. Destruction only. Kingdom. Action: Whenever you play a Spell, look at the top two cards of any player's deck. Discard any number of those cards and place the rest back on top of the deck in any order.",Illich Henriquez,1
Plaguebearer,Cataclysm,36,Chaos,Unit,2 +,1,2,,,Warrior,"- Action: When this unit enters play, search the top 5 cards of your deck for a Mutation or Disease card, reveal it, and add it to your hand. Shuffle the deck.",,
Planning for War,Realm of the Phoenix King,40,High Elf,Quest,0,,,3,,,"Quest. Action: When this card enters play, draw a card. Quest. Action: When you play a [High Elf] non-Attachment support card from your hand, return target unit from your discard pile to your hand if a unit is questing here.",Games Workshop Ltd,3
Pleasure Cults,Vessel of the Winds,79,Dark Elf,Quest,1,,,3,,Invasion,"Invasion. Play in any opponent's zone, under his control. Units enter this zone corrupted. Forced: Put 1 resource token on this card at the beginning of your turn if a unit is questing here. Then, you may remove 2 resource tokens from this card to destroy this card.",Magali Villeneuve,3
Plunderer,Faith and Steel,119,Neutral,Support,0,,,0,0,Attachment,Attachment. Attach to target unit you control. Attached unit gains Raider 2. I'm in it for the gold.,0 Comments,3
Poison Wind Globadiers,Path of the Zealot,35,Neutral,Unit,3,1,2,0,1,Skaven,"Hit Points: 2 Skaven. Destruction only. Battlefield. Action: Corrupt this unit to deal 1 damage to one target attacking or defending unit. ""Cover your mouths, the air is death!"" - Gurni Thorgrimson",Sam Wood,1
Poisonous Wyvern,Omens of Ruin,3,Orc,Unit,4,2,6,2,2,Creature,"Hit Points: 6 Creature. The creature fell upon us like a thunderstorm, sudden and loud, all roaring and gnashing its teeth. Hans died immediately to the thing's claws, Erich to its jaws. The captain drove it off and we thought that was the last of things, but the captain didn't last long with its poison in him... - Jacob Roedwig Halberdier",Nicole Cardiff,3
Pool of Tranquility,The Iron Rock,59,Neutral,Support,2,1,,0,1,"Lizardmen, Location","Lizardmen. Location. Order only. Action: Spend 2 resources to draw a card. Then, choose and discard a card from your hand.",Joe Wilson,3
Possess Mind,Portent of Doom,92,Dark Elf,Support,X,,,2,0,"Attachment, Hex","Attachment. Hex. Attach to a target unit. Action: At the beginning of your turn, attached unit deals damage equal to its power to target unit controlled by attached unit's controller. Then, any player may discard X cards from his hand to destroy this card.",Mark Winters,3
Power of Chaos,Battle for the Old World,54,Chaos,Tactic,0,,,5,,Spell,"Spell. Action: Until the end of the turn, you may play any number of Limited cards. (Paying all costs.)",Brittain Scott,3
Prepare for War!,Core Set,121,Neutral,Quest,0,,,0,,,"Quest. Action: Sacrifice the unit on this quest to shuffle X target cards from your discard pile into your deck, where X is the number of resource tokens on this quest. Quest. Forced: At the beginning of your turn, place 1 resource token on this quest if a unit is questing here.",Paul Dainton,2
Priest of Verena,Legends,19,Empire,Unit,2,1,1,2,1,Priest,"Hit Points: 1 Priest. Action: At the beginning of your turn, move target development from its current zone to another zone controlled by the same player.",David A. Nash,3
Priests of Sigmar,The Imperial Throne,106,Empire,Unit,5,2,3,2,2,"Cavalry, Priest",Hit Points: 3 Cavalry. Priest. Toughness X. X is the highest loyalty on an [Empire] card you control. Glory to Sigmar! Chaaarge!,Christi Balancseu,3
Prince Althran,Portent of Doom,89,High Elf,Unit,3,2,3,3,2,"Hero, Noble",Hit Points: 3 Hero. Noble. Limit one Hero per zone. This unit enters play with 1 resource token on it. Action: Remove 1 resource token from a unit you control to have this unit gain [Power] until the end of the turn.,Magali Villeneuve,3
Prince of Caledor,The Inevitable City,4,High Elf,Unit,8,4,4,3,4,Noble,Hit Points: 4 Noble. Lower the cost to play this unit by 1 for each damaged unit you control. This better be good.,Diego Gisbert,3
Progress In Numbers,Portent of Doom,86,Orc,Tactic,1,,,1,,,Action: Put 1 resource token on target quest for each unit questing here. Dat wuz close.,Andrew Joh,3
Promenade of Malice,City of Winter,92,Dark Elf,Support,3,1,,2,1,Location,"Location. Action: When a card enters a discard pile, corrupt a unit you control to put another target copy of the discarded card on the bottom of its owner's deck.",Emil Landgreen,3
Protect the Empire,Arcane Fire,106,Empire,Quest,0,,,2,,Quest,Quest. Any unit questing on this card can defend any of your zones when they are attacked.,Dave Gallagher,1
Protective Spites,Legends,51,Neutral,Support,3,,,0,0,"Wood Elf, Attachment.","Wood Elf. Attachment. Order only. Attach to a target unit you control. This card enters play with 3 resources token on it. If attached unit is dealt damage, remove a resource token from this card instead.",Sandara Tang,3
Pure Warpstone,Fiery Dawn,119,Neutral,Support,4,2,,0,2,Warpstone,Warpstone. Corrupted units in this zone gain [Power].,Jorge Maese,3
Purged by Flame,The Accursed Dead,46,High Elf,Tactic,1,,,2,,,"Action: Put up to 2 resource tokens on a non-quest card you control. The fire will not catch, when Asuryan burns inside.",Owen William Weber,3
Pyromancy,The Ruinous Hordes,87,Empire,Support,1,,,2,0,"Attachment, Spell","Attachment. Spell. Attach to target unit you control. Forced: At the beginning of your turn, attached unit deals damage to target unit equal to the damage on attached unit.",Wen Xiaodong,3
Queek Headtaker,Hidden Kingdoms,19,Neutral,Legend,5,4,3,,,Skaven,- Lower the cost to play a Skaven unit to 0 if you have another copy of that unit in play.,,
Queen Helga,Karaz a Karak,62,Dwarf,Unit,5,1,3,3,1,Hero,"Hit Points: 3 Hero. Noble. Limit one Hero per zone. Toughness 2. Action: When a Hero unit enters play under your control, put a [Dwarf] unit with printed cost 3 or lower into play in the same zone from your hand.",0 Comments,3
Radiant Gaze,Core Set,54,High Elf,Tactic,2,,,3,,Spell,Spell. Action: Choose an opponent's zone. All units in that zone lose [Power] until the end of the turn.,Geoff Taylor,1
Rage of the Bear,Rising Dawn,8,Empire,Tactic,1,,,2,,Spell,Spell. Action: Heal 1 damage on target Mage unit. It deals +2 damage in combat until the end of the turn. Some forces cannot be chained.,Mike Capprotti,3
Raiding Camps,The Inevitable City,20,Chaos,Quest,0,,,3,,Quest,"Quest. Action: When this card enters play, draw a card. Quest. Action: When you play a [Chaos] non-Attachment support card from your hand, destroy target support card in a zone with no units if a unit is questing here.",Yoann Boissonnet,3
Raiding Parties,The Iron Rock,60,Orc,Quest,0,,,3,,Quest,"Quest. Action: When this card enters play, draw a card. Quest. Action: When you play an [Orc] non-Attachment support card from your hand, destroy target development if a unit is questing here.",Games Workshop Ltd,3
Raiding Ships,City of Winter,100,Dark Elf,Quest,0,,,3,,,"Quest. Action: When this card enters play, draw a card. Quest. Action: When you play a [Dark Elf] non-Attachment support card from your hand, discard a card at random from an opponent's hand if a unit is questing here.",Yoann Boissonnet,3
Raise Dead,March of the Damned,53,Neutral,Tactic,4,,,0,,"Undead, Spell.",Undead. Spell. Destruction only. Play during your turn. Action: Choose a target unit in your discard pile and put it into play (you choose which zone the unit enters).,Margaret Hardy,3
Rally Point,The Twin Tailed Comet,48,Empire,Support,1,,,2,0,Location,"Location. Action: At the beginning of your turn, move target unit you control from its current zone to this zone.","Sergey ""Kozivara"" Kozayakov",3
Rat Ogres,Tooth and Claw,55,Neutral,Unit,4,2,3,0,2,Skaven,"Hit Points: 3 Skaven. Destruction only. Action: At the beginning of your turn, uncorrupt all Skaven units.",Wayne Reynolds,1
Rat Swarm,Hidden Kingdoms,21,Neutral,Unit,0,,1,,,"Skaven, Creature",- Skaven only. You may have up to 6 copies of this unit in your deck.,,
Ratling Gun,City of Winter,98,Neutral,Support,2,,,0,0,"Attachment, Skaven, Weapon",Attachment. Skaven. Weapon. Destruction only. Attach to a target Skaven unit. Action: Corrupt attached unit to deal 1 damage to each attacking unit.,Dimitri Bielak,3
Reap What's Sown,Tooth and Claw,59,Neutral,Tactic,X,,,0,,,Action: Each player with X or more total developments may discard his hand and draw X cards. The fields produce whatever has been planted. This year we grow corpses...,Illich Henriquez,1
Reaper Bolt Thrower,The Deathmaster's Dance,77,Dark Elf,Support,2,,,2,0,Siege,"Siege. Battlefield. Action: Spend 2 resources to deal 2 indirect damage to each opponent. (Limit once per turn.) (Players assign their own indirect damage.) Wickedly barbed points atop a spear of wood and iron, each as tall as a man.",Adrian Smith,1
Rebuild the Hold,The Accursed Dead,58,Dwarf,Quest,2,,,2,,Epic,"Epic. Quest. Action: Sacrifice a development to put 1 resource token on this card if a unit is questing here. Quest. Action: Remove 8 resource tokens from this card to remove a burn token from your capital. Then, sacrifice this card.",Games Workshop Ltd.,3
Reckless Attack,Days of Blood,18,Chaos,Tactic,1,,,2,,,"Limited. Action: When your opponent declares at least 1 defender against your attack, put target unit in your discard pile into play in your battlefield declared as an attacker. At the end of the phase, sacrifice all units that attacked this phase.",Tyler James,3
Reckless Boyz,Hidden Kingdoms,53,Orc,Unit,3 +,3,3,,,Warrior,"- Battlefield only. Forced: When this unit attacks, reveal the top card of your deck. If the cost of the revealed card is even, deal 2 damage to this unit. Then, shuffle your deck.",,
Reckless Engineer,The Accursed Dead,43,Dwarf,Unit,2,1,2,2,1,Engineer,"Hit Points: 2 Engineer. Action: Sacrifice a development to reveal the top card of your deck. If the revealed card is a support card, put it into play and deal damage equal to its printed cost to this unit. Otherwise, discard it.",Santiago Villa,3
Reclaim the Hold,The Deathmaster's Dance,63,Dwarf,Quest,0,,,2,,,"Quest. When a card you control leaves play, you may discard 1 resource token from this card to place that card into its current zone as a development instead of discarding it. Quest. Forced: Place 1 resource token on this card at the beginning of your turn if a unit is questing here.",Games Workshop Ltd,1
Reclaiming the Fallen,The Silent Forge,42,Dwarf,Tactic,5,,,2,,,Action: Choose one of your zones. Put into play all units in your discard pile into that zone. Sacrifice those units at the end of the phase. Our kinsmen shall watch out for us from the halls of the Ancestors!,Caravan Studio,3
Recon in Force,Faith and Steel,102,Empire,Quest,0,,,3,,Mission,"Mission. Play in any opponent's zone under your control. When you assign combat damage to this zone, you may place any number of that combat damage on this quest instead. Forced: When the 3rd damage token is placed here, sacrifice this quest to shuffle each player's discard pile into his deck. Then, draw 3 cards.",0 Comments,3
Recover Mithril Lode,Glory of Days Past,62,Dwarf,Quest,0,,,3,,Mission,"Mission. Play in any opponent's zone under your control. When you assign combat damage to this zone, you may place any number of that combat damage on this quest instead. Forced: When the 3rd damage token is placed here, sacrifice this quest to put the top 4 cards of your discard pile into play as developments in any single zone.",Lin Bo,3
Recruiting for War,The Imperial Throne,120,Empire,Quest,0,,,3,,,"Quest. Action: When this card enters play, draw a card. Quest. Action: When you play an [Empire non-Attachment support card from your hand, draw a card if a unit is questing here.",Yoann Boissonnet,3
Red 'Ead Boyz,Legends,11,Orc,Unit,5,2,4,2,2,"Warrior, Elite","Hit Points: 4 Warrior. Elite. Action: When this unit enters play, deal 1 damage to each unit with printed cost 3 or lower.",Games Workshop Ltd,3
Red Arrow Coach,The Accursed Dead,50,Empire,Support,0,,,2,0,Transportation,"Transportation. Action: Spend 1 resource to move this card and target unit in this zone to another zone you control. That unit may then move onto a quest, if able. (Limit once per turn.)",Ilich Henriquez,3
Redface Zappa,Cataclysm,10,Orc,Unit,1 +,1,2,,,"Orc, Shaman",- Battlefield only. This unit enters play with 1 damage on it.,,
Reiksguard Elite,Battle for the Old World,47,Empire,Unit,3,2,1,2,2,"Elite, Knight","Hit Points: 1 Elite. Knight. Battlefield only. This unit gains +1 hit point for every experience attached to it. Action: When this unit attacks or defends, attach 1 experience to it.",0 Comments,3
Reiksguard Knights,Core Set,27,Empire,Unit,3,1,2,1,1,Knight,Hit Points: 2 Knight. Counterstrike 2 (this unit deals 2 combat damage immediately after defending). For Karl Franz!,Karl Kopinski,3
Reiksguard Swordsmen,Tooth and Claw,44,Empire,Unit,5,2,2,2,2,Knight,Hit Points: 2 Knight. Counterstrike 4 (this unit deals 4 combat damage immediately after defending). Fierce defenders of the Empire.,Michael Phillippi,3
Reinforcements,Core Set,129,Neutral,Draft,,,,,,,"- After selecting this card, discard it and look at the top five cards of your draft pile. Add one of those cards to your deck then place the others at the bottom of the draft pile. SEARCH 5",,
Reinforcements (Cataclysm),Cataclysm,53,Neutral,Tactic,0,,,,,,- Play only if you have more burning zones than any opponent. Action: Reveal the top 5 cards of your deck. Put one revealed unit that matches the affiliation of your capital into play (in any zone). Shuffle your deck.,,
Remote Monastery,Cataclysm,50,Neutral,Support,3,1,,,,Building,"- Limited. While this card is the only non-Attachment support card in this zone, it cannot be targeted by card effects and gains [P].",,
Repair the Waystones,The Skavenblight Threat,7,High Elf,Quest,0,,,3,,,"Action: Discard 3 resource tokens from this card to target a support card in your discard pile, and put it onto play in your quest zone. Quest. Forced: Place 1 resource token on this card at the beginning of your turn if a unit is questing here.",Games Workshop Ltd,
Repeater Bolt Thrower,Path of the Zealot,27,High Elf,Support,3,,,3,0,Siege,Siege. Battlefield. Action: Spend X resources to deal X indirect damage to target opponent. X is the number of your developments in this zone. (Players assign their own indirect damage.),Paul Dainton,1
Reprimand,Cataclysm,31,High Elf,Tactic,X +,,,,,,- Action: Put target unit on the bottom of its owner's deck. X is the printed cost of that unit.,,
Rescue Prisoners,Oaths of Vengeance,22,High Elf,Quest,0,,,3,,Mission,"Mission Play in any opponent's zone under your control. When you assign combat damage to this zone, you may place any number of that combat damage on this quest instead. Forced: When the 3rd damage token is placed here, sacrifice this quest to put 1 resource token on each card you control with at least 1 resource token on it.",Wen Xiaodong,3
Restless Corpse,The Ruinous Hordes,99,Neutral,Unit,2,1,2,0,1,Undead,"Hit Points: 2 Undead. Destruction only. Ambush 1. Action: When this unit ambushes, draw a card from the bottom of your deck.",0 Comments,3
Resupply Platoon,Hidden Kingdoms,41,Empire,Unit,2 +,1,2,,,Ranger,"- Action: When this unit moves to another zone, gain 2 resources. (Limit once per turn).",,
Return to Glory,The Silent Forge,49,High Elf,Quest,0,,,2,,,Quest. Action: Discard X resource tokens from this card to put into play a unit in your discard pile into any zone. X equals the printed cost of the unit. Quest. Forced: Place 1 resource token on this card at the beginning of your turn if a unit is questing here.,Paul Dainton,3
Ribbons of Iron,Cataclysm,7,Dwarf,Tactic,0 +,,,,,,"- Action: Until the end of the turn, target unit gains [PP] for each of your burning zones.",,
Rift of Battle,The Accursed Dead,52,Chaos,Support,1,,,2,0,Rift,Rift. Units in all corresponding zones deal +1 damage in combat.,Michael Rasmussen,3
Rift of Chaos,Cataclysm,37,Chaos,Support,3 +,1,,,,Rift,- This card gains [P] for each burning zone.,,
Rip Dere 'Eads Off!,Core Set,75,Orc,Tactic,1,,,1,,,"Action: Turn one target development faceup. If it is a unit, leave it in play and sacrifice it at the end of the turn. Otherwise, sacrifice it immediately. Den deys smaller'n you.",Paul [Prof] Herbert,1
River Troll,Omens of Ruin,4,Orc,Unit,4,2,4,2,2,Troll,"Hit Points: 4 Troll. Forced: At the beginning of your turn, heal all damage from this unit. Kill it! Kill it with fire!",Adam Nichols,3
Roaming Shaman,The Accursed Dead,49,Empire,Unit,4,1,3,2,1,Mage,"Hit Points: 3 Mage. Action: When this unit enters a zone, put 1 resource token on target quest you control. I have no need of a home, for all is my home.",Simon Dominic,3
Rock Lobber,Core Set,68,Orc,Support,2 +,,,,,Siege,- Battlefield. Action: Pay 2 resources and sacrifice one of your units in this zone to deal 2 damage to one section of any capital (limit once per turn).,,
Rodrik's Raiders,March of the Damned,7,Empire,Unit,3,1,3,1,1,"Warrior, Noble","Hit Points: 3 Warrior. Noble. Action: When this unit enters play, turn target support card facedown into a development. I'm sure they won't be missing this, lads.",Igor Kieryluk,3
Rogue Warrior,Glory of Days Past,79,Neutral,Unit,3,,2,0,0,,"Hit Points: 2 Ambush 1. Raider 1. This unit deals +3 damage in combat. Forced: When this unit survives an attack on an opponent's zone, turn this unit facedown as a development.",0 Comments,3
Roving Goblins,Portent of Doom,85,Orc,Unit,1,,2,2,0,Goblin,"Hit Points: 2 Goblin. While this unit is questing, your units can quest with other units. Quest. Action: At the beginning of your turn, put 1 resource token on target quest if more than 1 unit is questing here.",Marco Caradonna,3
Ruglud's Armoured Orcs,The Iron Rock,45,Orc,Unit,4,2,2,1,2,Warrior,Hit Points: 2 Warrior. Toughness X. X is the highest loyalty of an [Orc] card you control. Ruglud is a nasty fellow. So are his orcs.,Alexandru Sabo,3
Ruination of Cities,Hidden Kingdoms,9,Neutral,Tactic,6,,,,,"Lizardmen, Spell",- Lizardmen only. Action: Destroy all support cards and developments in target zone.,,
Rune of Cleaving,Legends,6,Dwarf,Support,2,,,2,0,"Attachment, Rune","Attachment. Rune. Attach to a target unit you control. Attached unit gains [Power][Power]. If attached unit leaves play, you may spend 2 resources to return this card to its owner's hand.",Rahmat Muslim & Lius Lasahido,3
Rune of Fortitude,Core Set,13,Dwarf,Support,2 +,,,,,Rune,- Each unit attacking this zone loses [P] unless its controller pays 1 resource per unit.,,
Rune of Hearth and Home,Arcane Fire,102,Dwarf,Tactic,10,,,3,,Epic Spell,"Epic Spell. Play during your turn. Action: Heal all damage to your capital. A potent rune of protection, crafted by the finest runesmith of the day.",James Brady,1
Rune of Resistance,Redemption of a Mage,62,Dwarf,Support,1,,,3,0,"Attachment, Rune","Attachment. Rune. Attach to a target [Dwarf] unit. If attached unit would be destroyed, sacrifice this attachment instead and remove all damage from that unit.",Dimitri Bielak,3
Runeblades,Karaz a Karak,64,Dwarf,Unit,4,0,3,2,0,"Warrior, Elite",Hit Points: 3 Warrior. Elite. This unit deals +X damage in combat while attacking. X is the highest loyalty of a [Dwarf] card you control. They carry the battle wherever they go.,0 Comments,3
Runefang of Drakwald,Vessel of the Winds,69,Empire,Support,2,,,2,0,"Weapon, Attachment",Weapon. Attachment. Attach to an [Empire] unit you control. Kingdom. Attached unit gains Counterstrike 3. Quest. Attached unit gets +4 hit points. Battlefield. Attached unit gains [Power][Power].,A. L. Ashbaugh,3
Runefang of Solland,Warpstone Chronicles,85,Empire,Support,2,,,1,0,"Attachment, Relic",Attachment. Relic. Attach to a target [Empire] unit. Attached unit gains [Power][Power]. Action: Sacrifice attached unit to lower the cost of the next non-Epic tactic you play this turn to 0.,Ralph Horsley,1
Runesmith,Core Set,5,Dwarf,Unit,2 +,1,1,,,Priest,- Quest. Action: Spend 2 resources to have a target gain [P] until the end of the turn.,,
Runesmith Apprentice,The Fall of Karak Grimaz,22,Dwarf,Unit,2,1,2,1,1,Warrior,"Hit Points: 2 Warrior. Action: When this unit enters play, search the top five cards of your deck for any number of Rune cards, reveal them, and put them into your hand. Then, shuffle the remaining cards into your deck.",Loren Fetterman,3
Sabotage,Core Set,130,Neutral,Draft,,,,,,,"- After selecting this card, place it face up next to your deck. Any time you are counterdrafting a card from an opponent's pack, sacrifice Sabotage to counterdraft an additional card. COUNTERDRAFT +1",,
Sack Tor Aendris,Assault on Ulthuan,32,Dark Elf,Quest,2,,,1,,,"Quest. Any unit questing here may attack as though it were in your battlefield. Quest. You may spend resources on this quest to pay for cards and effects. Quest. Forced: At the end of any turn in which the questing unit participated in an attack, place a resource token on this card.",Dave Gallagher,
Sacred Cauldron,Faith and Steel,118,Dark Elf,Support,2,1,,2,1,Siege,"Siege. You may spend resources on this card to play tactics. Forced: When a unit is discarded from the top of an opponent's deck, put 1 resource token on this card if there are no resource tokens here.",A. L. Ashbaugh,3
Sacred Glade,Signs in the Stars,79,Neutral,Support,3,1,,0,1,"Wood Elf, Location","Wood Elf. Location. Order only. Action: When this zone is attacked, target development in this zone becomes a unit with [Power] and 2 hit points until the end of the turn. It still counts as a development.",Simon Dominic,3
Sacrifice to Khaine,Chaos Moon,37,Dark Elf,Tactic,2,,,2,,Spell,Spell. Action: Each opponent must sacrifice a unit he controls.,BIll Corbett,3
Sacrificial Pyre,The Imperial Throne,115,Dark Elf,Support,2,,,2,0,Location,"Location. Action: When you sacrifice a unit, corrupt target unit. The fires of Karond Kar are well fed.",Marco Caradonna,3
Sadistic Mutation,Core Set,95,Chaos,Support,2 +,,,,,"Attachment, Mutation","- Attach to a target unit you control. Forced: After the attached unit deals damage in combat, deal 1 damage to one target unit or capital.",,
Sally Forth,The Ruinous Hordes,92,High Elf,Tactic,0,,,3,,,"Play at the beginning of your Battlefield phase. Action: Choose one of your zones. Units in that zone may be declared as attackers this phase. Until the end of the phase, you cannot declare attackers from any other zone.",Mauro Dal Bo,3
Saphery Waystone,Faith and Steel,110,High Elf,Support,2,1,,2,1,Building,"Building. You may spend resource tokens on this card to pay for tactics. Forced: When an opponent plays a tactic, put a resource here.",Alyn Ware Spiller,3
Saurus Oldblood,Hidden Kingdoms,5,Neutral,Unit,4,2,5,,,Lizardmen,"- Order only. Savage 2. Action: When another Lizardmen unit leaves play, deal this unit 1 damage.",,
Saurus Warriors,March of the Damned,34,Neutral,Unit,4,2,3,0,2,Lizardmen.,"Hit Points: 3 Lizardmen. Order only. This unit gains [Power] when opposed in combat. ""Cold-blooded"" does not mean ""slow to anger.""",Alex Boyd,3
Savage Boyz,March of the Damned,16,Orc,Unit,4,2,4,2,2,Warrior,Hit Points: 4 Warrior. Action: Spend 1 resource to deal 1 damage to target unit you control. Orcz don' need metal an' stoopid toyz. Orcz don' need nuffink!,Michael Phillippi,3
Savage Forsaken,The Inevitable City,8,Chaos,Unit,3,,2,1,0,"Warrior, Elite","Hit Points: 2 Warrior. Elite. This unit deals +X damage in combat while attacking. X is the highest loyalty on a [Chaos] card you control. Forsaken by man, but blessed by the gods.",Diego Gisbert,3
Savage Gors,Core Set,90,Chaos,Unit,2,1,1,1,1,Warrior,Hit Points: 1 Warrior. Battlefield. This unit deals 2 additional damage while attacking if you have 2 or more developments in your battlefield.,Paul Carrick,3
Savage Marauders,Core Set,82,Chaos,Unit,3,2,1,1,2,Warrior,Hit Points: 1 Warrior. It is time the cattle of the Empire learn the meaning of slaughter.,Clint Langley,3
Savage Rage,The Fall of Karak Grimaz,31,Orc,Support,2,,,2,0,"Attachment, Condition","Attachment. Condition. Attach to a target [Orc] unit. Attached unit gains [Power] for each resource token on this card. Forced: When attached unit deals combat damage, put 1 resource token on this card.",Andrew Olson,3
Savage Rush,March of the Damned,38,Neutral,Tactic,2,,,0,,,Order only. Action: Each attacking unit you control gains Savage 1.,Games Workshop Ltd,3
Scar-Leader Kroq-Gar,Hidden Kingdoms,1,Neutral,Legend,4,3,4,,,Lizardmen,"- Action: When this legend attacks, reveal X Lizardmen units from your hand. This legend deals +X damage in combat until end of the phase",,
Scheming Cultist,The Burning of Derricksburg,11,Chaos,Unit,3,1,2,2,1,Cultist,"Hit Points: 2 Cultist. Action: Spend 1 resource to deal 1 damage to target corrupted unit. Many threads, many wheels, many dead, many deals.",Ryan Barger,3
Scion of the Everqueen,The Fourth Waystone,85,High Elf,Unit,2,1,2,1,1,"Elite, Noble","Hit Points: 2 Elite. Noble. This unit cannot have its hit points reduced by card effects. From the Everqueen, I descend.",John Wigley,3
Scions of Misery,The Inevitable City,15,Dark Elf,Unit,3,1,2,2,1,Warrior,"Hit Points: 2 Warrior. Action: When this unit enters play, each unit in any corresponding zone gets -1 hit point until the end of the turn. Misery loves company.",S. C. Watson,3
Scout Camp,Tooth and Claw,60,Neutral,Support,2,1,,0,1,Building,"Building. Kingdom. Whenever you search your deck, you may search an additional card. Often in war, information is worth more than weapons.",Michael Ivan,3
Scrap Heap,Assault on Ulthuan,50,Orc,Support,1 +,,,,,Siege,,,
Screamers of Tzeentch,The Inevitable City,10,Chaos,Unit,3,1,3,1,1,Creature,"Hit Points: 3 Creature. Feared 1 (while this unit is attacking, blank the text box of 1 target unit except for Traits). Forced: At the beginning of your turn, corrupt this unit.",Mike Capprotti,3
Screaming Bell,Legends,47,Neutral,Support,3,1,,0,1,"Skaven, War Machine.",Skaven. War Machine. Destruction only. Each attacking Skaven unit you control gains [Power].,Alexandru Sabo,3
Scroll of Asur,The Fall of Karak Grimaz,27,High Elf,Tactic,0,,,2,,Spell,"Spell. Action: Look at the top five cards of your deck. Then, return them to the top of your deck in any order. The words of a god, the power to shape the world.",Loren Fetterman,3
Sea Guard Captain,March of the Damned,11,High Elf,Unit,2,1,2,2,1,Warrior,"Hit Points: 2 Warrior. Action: When this unit attacks, deal 1 indirect damage to target opponent (players allocate their own indirect damage). Versatile warriors, the Sea Guard are armed with both bows and spears.",Clint Langley,3
Sea Lord Aislinn,Realm of the Phoenix King,25,High Elf,Unit,3,1,3,2,1,Hero,"Hit Points: 3 Hero. Noble. Limit one Hero per zone. Action: When a Mage or Hero unit enters play under your control, return target development to its owner's hand.",Lin Bo,3
Seasoned Corsair,March of the Damned,26,Dark Elf,Unit,3,1,3,2,1,Warrior,"Hit Points: 3 Warrior. Action: When this unit enters play, target unit gets -2 hit points until the end of the turn. Slaves and plunder are well enough, but the real thrill is the killing...",Illich Henriquez,3
Second Sight,Warpstone Chronicles,89,High Elf,Tactic,1,,,1,,Spell,"Spell. Action: Look at each opponent's hand. Then, draw a card.",Sandara Tang Sin Yun,3
Secret Crypts,Vessel of the Winds,80,Neutral,Quest,1,,,0,,Undead,"Undead. Destruction only. Quest. Action: When a Undead unit enters play under your control, put 1 resource token on this card if a unit is questing here. Quest. Action: Remove 2 resource tokens from this card to return target Undead unit you control to its owner's hand.",Games Workshop Ltd,3
Seduced by Darkness,Core Set,99,Chaos,Tactic,0,,,1,,,"Action: Corrupt one target unit. Who wouldn't want to be stronger, faster, more beautiful?",Erfian Asafat,2
Seductive Delusion,Legends,35,Chaos,Tactic,2,,,2,,Spell,"Spell. Action: Choose a target unit. Corrupt that unit. Then, that unit deals damage equal to its power to another target unit.",Emily Su,3
Seeds of Chaos,Cataclysm,40,Chaos,Tactic,1 +,,,,,,- Action: Target player sacrifices a unit he controls. Then that player may discard 1 card from his hand to copy this effect (choosing a new target).,,
Seeker Chariot,Hidden Kingdoms,47,Chaos,Unit,3 +,1,3,,,"Cavalry, Daemon","- Battlefield only. While this unit is not opposed in combat, it deals +2 damage in combat.",,
Seeking New Slaves,The Silent Forge,57,Dark Elf,Tactic,2,,,2,,,"Action: Put target unit that entered an opponent's discard pile this turn into play, corrupted, in any of your zones. When one wears out, we simply acquire another.",Jason Ward,3
Serpent Slayer,March of the Damned,1,Dwarf,Unit,4,2,4,2,2,Slayer,"Hit Points: 4 Slayer. While you have at least three developments in this zone, this unit deals +X damage in combat. X is the number of developments in this zone. I could find a better death.",Illich Henriquez,3
Serpent's Strength,Cataclysm,38,Chaos,Support,0 +,,,,,"Mutation, Attachment",- Attach to target Chaos unit. Attached unit deals +1 damage in combat for each burning zone.,,
Servants of Khorne,Core Set,81,Chaos,Unit,1,1,1,1,1,Warrior,Hit Points: 1 Warrior. Battlefield only.,Clint Langley,3
Shades,Assault on Ulthuan,25,Dark Elf,Unit,2,1,1,1,1,Warrior,"Hit Points: 1 Warrior. Scout (discard one card at random from an opponent's hand if this unit survives combat). At home in the darkness, at one with the night.",Games Workshop Ltd,
Shadow Sentinel,Legends,49,Neutral,Unit,2,1,2,0,1,"Wood Elf, Warrior.","Hit Points: 2 Wood Elf. Warrior. Order only. Action: When one or more units an opponent controls leaves play, put the top card of your deck into this zone facedown as a development.",Matthew Starbuck,3
Shadow Warrior,Assault on Ulthuan,2,High Elf,Unit,2,1,1,1,1,Ranger,"Hit Points: 1 Ranger. Forced: At the beginning of your turn, each opponent must assign 1 damage to any unit in his battlefield. We are as the night, so our brothers may embrace the sun.",Alex Aparin,
Shadowlands Hunter,Days of Blood,11,High Elf,Unit,2,1,2,1,1,Ranger,"Hit Points: 2 Ranger. High Elf only. Ambush 1. Action: When this unit ambushes, put 1 resource token on a [High Elf] card with at least 1 resource token on it.",Ilich Henriquez,3
Shaggoth,The Inevitable City,9,Chaos,Unit,5,3,5,3,3,"Creature, Dragon, Ogre","Hit Points: 5 Creature. Dragon. Ogre. Forced: When this unit enters play, destroy it or discard 2 cards from your hand. Battlefield. This unit gains [Power] for each corrupted unit you control.",Ryan Barger,3
Shaggoth Champion,Oaths of Vengeance,33,Chaos,Unit,X,,X,2,0,"Creature, Dragon, Ogre","Hit Points: X Creature. Dragon. Ogre. This unit gains [Power] equal to X. X is the fewest number of cards in any opponent's hand. Forced: When this unit attacks, each player draws a card.",Ryan Barger,3
Shattered Thought,Cataclysm,48,Dark Elf,Tactic,1 +,,,,,,- Action: Choose a target unit. Target unit's controller must either discard cards from his hand equal to that unit's power or sacrifice that unit.,,
Shield Bearer,Hidden Kingdoms,38,Dwarf,Unit,2 +,1,2,,,Warrior,- Action: Sacrifice 1 development to cancel 1 damage assigned to a unit or legend.,,
Shield of Aeons,Shield of the Gods,101,Neutral,Support,4,,,0,0,"Artefact, Shield","Artefact. Shield. Order only. Attach to a target Hero or legend. This card cannot be targeted by card effects. While attached Hero or legend is participating in combat, cancel all damage assigned to it.",Michael Rasmussen,3
Shield of Saphery,Signs in the Stars,71,High Elf,Tactic,1,,,2,,Spell,"Spell. Action: Target [High Elf] unit you control cannot be targeted by opponent's card effects until the end of the turn. High Magic is superior to all other forms of magic, as any High Elf mage will tell you.",Carolina Eade,3
Shield of the Gods,Portent of Doom,98,Neutral,Tactic,2,,,0,,Lizardmen,"Lizardmen. Order only. Action: Until the end of the turn, Lizardmen units you control can defend any of your zones and deal +X damage in combat while defending. X is equal to the amount of Savage they have.",Cristi Balanescu,3
Shifting Tides,Core Set,131,Neutral,Draft,,,,,,,,,
Shiny Offering,Hidden Kingdoms,55,Orc,Support,0,,,,,Tribute,- Non-Orc only. Action: Sacrifice this card to ignore the loyalty cost of the next Orc card you play this turn.,,
Shrine of Asuryan,Assault on Ulthuan,14,High Elf,Support,2,1,,1,1,Building,"Building. Kingdom. Action: At the beginning of your turn, you may restore one target corrupted unit. We do not so easily fall into temptation.",Fares Maese,
Shrine to Nurgle,Core Set,98,Chaos,Support,2,1,,1,1,Building,"Building. Kingdom. Forced: After an opponent's unit is damaged during combat, corrupt that unit. Filth and rotting corpses cover this foul alter.",Jason Caffoe,3
Shrine to Taal,Core Set,41,Empire,Support,2,,,1,0,Building,"Building. Forced: After your turn begins, choose one target unit in this zone. That unit gains [Power] for each of your developments in this zone until the end of the turn.",Jason Caffoe,1
Shrouded Waywatcher,Hidden Kingdoms,13,Neutral,Unit,5,2,2,,,Wood Elf,,,
Sigmar's Blessed,Core Set,31,Empire,Unit,2,1,1,2,1,Priest,"Hit Points: 1 Priest. Forced: After this unit leaves play, return one target unit in any player's corresponding zone to its owner's hand.",Illich Henriquez,1
Sigmar's Brilliance,Arcane Fire,105,Empire,Tactic,10,,,3,,Epic Spell,"Epic Spell. Action: Rearrange your units and support cards, moving any number of them into new zones. I am the gauntlet about his first, I am the shield on his arm, Sigmar protect me so that I may serve.",Mark Molnar,1
Sigmar's Intervention,Core Set,50,Empire,Tactic,2,,,2,,Spell,"Spell. Play when an opponent attacks your capital, before defenders are declared. Action: Redirect the attack to a different one of your zones. (An attack cannot be redirected to a burning zone.)",Illich Henriquez,1
Sigvald the Magnificent,The Ruinous Hordes,81,Chaos,Legend,3,1-2-1,3,2,,,"Forced: When this legend enters play, you must burn 3 zones instead of 2 in order to win for the rest of the game. Action: When this legend attacks, discard the top card of your deck. This legend deals +X damage in combat until the end of the phase. X is the discarded card's cost.",0 Comments,3
Silver Helm Brigade,Core Set,51,High Elf,Unit,3,1,3,1,1,"Elite, Noble, Cavalry","Hit Points: 3 Elite. Noble. Cavalry. Forced: After this unit takes 1 or more damage, draw a card. They shall rue the day they encounter the High Born of Ulthuan.",Liu Yang,1
Silver Helm Detachment,The Deathmaster's Dance,67,High Elf,Unit,3,1,2,1,1,"Warrior, Elite",Hit Points: 2 Warrior. Elite. This unit enters play with 3 resource tokens on it. Action: Remove a resource token from this unit to have it gain [Power] until the end of the turn (limit once per turn).,Paul Dainton,1
Skarbrand,Portent of Doom,82,Chaos,Legend,5,2,5,4,,,"Forced: When a unit leaves play, each player must deal 1 damage to his capital or 1 damage to a legend he controls. ""I will rip the bones from your body and leave your skin to rot. But your skull I will give to the skull-god, and it will be one among the multitudes.""",Ignacio Lazcano,3
Skarsnik and Gobbla,The Twin Tailed Comet,44,Orc,Unit,4,2,4,2,2,"Hero, Goblin","Hit Points: 4 Hero. Goblin. Limit one Hero per zone. Action: Remove 3 damage from this unit to deal 1 damage to each section of an opponent's capital. Then, draw a card.",Jorge Maese,3
Skaven Packmaster,Oaths of Vengeance,39,Neutral,Unit,2,1,2,0,1,Skaven,"Hit Points: 2 Skaven. Destruction only. Ambush 1. Action: When this unit ambushes, restore up to 2 units you control. Go! Now! Move your tail!",Matthew Starbuck,3
Skavenslaves,Realm of the Phoenix King,36,Neutral,Unit,3,,1,0,0,"Skaven, Slave","Hit Points: 1 Skaven. Slave. Destruction only. Action: Sacrifice this unit to cancel all combat damage assigned to attacking units. Give them spears, and get them to the man-things!",Dimitri Bielak,3
Skeletal Horde,March of the Damned,44,Neutral,Unit,2,1,2,0,1,"Undead, Warrior.","Hit Points: 2 Undead. Warrior. Destruction only. Necromancy (You may play this card from your discard pile. If you do, put it on the bottom of your deck at the end of the turn.)",Adrian Smith,3
Skink Skirmishers,March of the Damned,32,Neutral,Unit,2,1,2,0,1,Lizardmen.,"Hit Points: 2 Lizardmen. Order only. Savage 1 (whenever this unit is dealt damage, it may deal 1 damage to target unit in any corresponding zone).",Alex Boyd,3
Skinks of Sotek,March of the Damned,31,Neutral,Unit,2,1,1,0,1,Lizardmen.,"Hit Points: 1 Lizardmen. Order only. Action: When this unit enters play, deal 1 uncancellable damage to target unit.",Andrew Olson,3
Skryre District,Hidden Kingdoms,26,Neutral,Support,2,2,,,,"Skaven, Location","- Skaven only. Forced: When you count 6 or more power in your Kingdom or Quest zone, sacrafice this card.",,
Skulking Informant,Hidden Kingdoms,50,Dark Elf,Unit,2 +,1,2,,,Rogue,"- Action: When this unit attacks, name a number. Target opponent reveals his hand and discards 1 card with a cost equal to the named number, if able.",,
Skulltaker,Faith and Steel,113,Chaos,Unit,4,2,4,2,2,Daemon,"Hit Points: 4 Daemon. This unit gains [Power] for each experience attached to it. Action: When an opponent's unit leaves play, spend 1 resource to attach it facedown to this unit as an experience.",0 Comments,3
Slaanesh Cultist,Shield of the Gods,111,Chaos,Unit,3,1,3,1,1,Zealot,"Hit Points: 3 Zealot. This unit cannot be restored. Forced: When this unit is corrupted, destroy target corrupted unit.",Jake Murray,3
Slaanesh's Domination,Core Set,105,Chaos,Tactic,2,,,2,,,Action: Reveal up to three cards at random from one target opponent's hand. You may play any tactics thus revealed as though they were in your hand for no cost.,Jason Caffoe,1
Slave Driver,Arcane Fire,116,Dark Elf,Unit,2,1,1,2,1,"Warrior, Kingdom","Hit Points: 1 Warrior. Kingdom. Action: Spend 2 resources to choose one target unit with printed cost 2 or lower. That unit cannot attack or defend this turn. Cowed into a life of servitude, many no longer know any different.",Jorge Maese,1
Slave Hunter,Battle for the Old World,56,Dark Elf,Unit,3,1,2,1,1,Elite,"Hit Points: 2 Elite. Action: When this unit survives an attack on an opponent's zone, sacrifice it to take control of target non-unique unit in that zone. Move that unit to your corresponding zone.",0 Comments,3
Slave Pen,March of the Damned,29,Dark Elf,Support,2,1,,2,1,Building,Building. This card gains [Power] for each resource token on it. Action: Sacrifice a unit to put a resource token on this card (limit once per turn).,Jake Masbruch,3
Slaver Raid,Warpstone Chronicles,98,Dark Elf,Quest,1,,,2,,Quest,"Quest. Action: Discard 3 resource tokens from this card to put a unit from an opponent's discard pile into play, corrupt, in your quest zone. Quest. Forced: Place 1 resource token on this card at the beginning of your turn if a unit is questing here.",Games Workshop Ltd,1
Slayers of Karak Kadrin,Assault on Ulthuan,43,Dwarf,Unit,2,1,2,2,1,Warrior,Hit Points: 2 Warrior. Battlefield. Action: Sacrifice this unit to destroy one target attacking unit. Glory in death!,James Brady,
Slumbering Titan,Hidden Kingdoms,14,Neutral,Unit,3,3,5,,,"Wood Elf, Forest Spirit","- Wood Elf only. Ambush 2. Forced: At the end of your turn, turn this card into facedown development. It no longer counts as a unit.",,
Smash 'Em All!,Core Set,72,Orc,Quest,1 +,,,,,,,,
Smash 'Em!,Fiery Dawn,106,Orc,Tactic,3,,,3,,,Action: Destroy all units with a printed cost of 2 or lower. Right in dere stoopid faces.,Alexandru Sabo,3
"Smash 'em, Bash 'em",The Fall of Karak Grimaz,33,Orc,Quest,0,,,2,,Quest,Quest. Action: Discard 1 resource token from this card to have target unit in the battlefield gain [Power] until the end of the turn. Quest. Forced: Place 1 resource token on this card at the beginning of your turn if a unit is questing here.,Karl Kopinski,3
Smash Der Beards,Bleeding Sun,113,Orc,Tactic,2,,,3,,,Action: Target attacking unit gains [Power] for each development in the defending player's zone. Dem stunties is askin' fur a beatin'!,Caravan Studio,3
Smash-Go-Boom!,Core Set,74,Orc,Tactic,X +,,,,,,- Play during your turn. Action: Destroy X target developments in one zone.,,
Sneaky Git,Signs in the Stars,64,Orc,Unit,2,1,2,1,1,Goblin,"Hit Points: 2 Goblin. Action: When this unit attacks, reveal the top card of your deck. If the printed cost of the revealed card is odd, deal 2 damage to target capital. Otherwise, deal 2 damage to your capital. Then, shuffle your deck.",Joe Wilson,3
Snotling Ambush,The Iron Rock,50,Orc,Tactic,2,,,3,,,Action: Discard a card from your hand with X loyalty to discard X resources from target player. Shhhhh! Deys comin'.,Santiago Villa,3
Snotling Invasion,Fragments of Power,38,Orc,Quest,0,,,2,,Invasion,"Invasion. Play in any opponent's zone, under his control. Forced: At the end of your turn, sacrifice a development in this zone or deal 2 damage to this section of your capital, if able. Action: At the beginning of your turn, if a unit is questing here, put X resource tokens on this card, where X is the unit's power. Then, you may remove 3 resource tokens from this card to destroy it.",Games Workshop Ltd,3
Snotling Pump Wagon,Warpstone Chronicles,90,Orc,Unit,2,2,1,1,2,Warrior,Hit Points: 1 Warrior. Battlefield only. Fasta! Fasta! Fasta! Oh no! - Too Fast!,Caravan Studio,3
Snotling Saboteurs,Arcane Fire,110,Orc,Unit,3,1,3,2,1,Ranger,Hit Points: 3 Ranger. Action: Spend 2 resources and sacrifice this unit to destroy one target support card or development. Shinies is mine! I take da shinies from dis machine ere.,John Gravato,3
Solomon Pomer,Cataclysm,17,Empire,Unit,4 +,1,3,,,"Hero, Warrior",- Limit 1 Hero per zone. Battlefield only. This unit gains [P] for each of your unburned zones.,,
Son of Grungi,The Silent Forge,41,Dwarf,Unit,4,2,4,2,2,,"Hit Points: 4 Warrior. Toughness 1 (whenever this unit is assigned damage, cancel 1 of that damage) This unit gains [Power][Power] while attacking or defending if there are more opposing units in combat.",Tony Foti,3
Sons of Coin,The Iron Rock,52,Empire,Unit,2,2,2,1,2,Noble,"Hit Points: 2 Noble. Kingdom only. Forced: At the beginning of your turn, spend 1 resource or deal 1 damage to this section of your capital.",Even Mehl Amundsen,3
Soporific Musk,City of Winter,85,Chaos,Tactic,1,,,2,,,"Action: Target corrupted unit loses all power until the end of the turn. Then, you may put this card on top of your deck. Cloying and irresistible, it rakes at your mind.",Diego Gisbert,3
Sorcerer of Tzeentch,The Twin Tailed Comet,53,Chaos,Unit,3,1,3,1,1,Sorceror,"Hit Points: 3 Sorceror. Action: When you play a development from your hand, put a resource token on this unit. Then, deal X damage to target unit. X is the number of resource tokens on this unit.",Jorge Maese,3
Sorceress Convent,The Twin Tailed Comet,56,Dark Elf,Support,2,1,,2,1,Building,"Building. Action: When an opponent discards one or more cards from his hand, deal 1 damage to that player's capital (you choose which zone).",Lauren Cannon,3
Sorceress of Ghrond,Redemption of a Mage,76,Dark Elf,Unit,2,1,2,1,1,Sorcerer,"Hit Points: 2 Sorceror. Action: When this unit enters play, choose a Hex card in your discard pile and return it to your hand. The pathetic magic of men is nothing compared to the might of dark magic!",Igor Kieryluk,3
Soul Stealer,Bleeding Sun,117,Dark Elf,Support,4,,,2,0,"Attachment, Hex",Attachment. Hex. Attach to a target non-Hero unit. Take control of attached unit. Move that unit to your corresponding zone. I believe that belongs to me.,Matthew Starbuck,3
Spawn of Itzl,March of the Damned,33,Neutral,Unit,3,1,3,0,1,Lizardmen.,"Hit Points: 3 Lizardmen. Order only. Action: When this unit attacks, destroy target damaged unit in the defending zone.",Alex Boyd,3
Spawn of Kintearer,Realm of the Phoenix King,35,Dark Elf,Unit,5,3,5,3,3,Cavalry,"Hit Points: 5 Cavalry. Feared 1 (while this unit is attacking, blank the text box of 1 target unit except for Traits). Action: When this unit attacks, discard the top card of target player's deck for every Cavalry unit you control.",John Gravato,3
Spawn of Sotek,Hidden Kingdoms,4,Neutral,Unit,3,1,3,,,Lizardmen,"- Order only. Action: When this unit enters play, reveal X Lizardmen units from your hand. Deal X uncancellable damage to target unit in corresponding zone.",,
Spawn of Sulekh,Faith and Steel,116,Dark Elf,Unit,6,4,4,2,4,"Creature, Dragon","Hit Points: 4 Creature. Dragon. Battlefield only. While this unit is attacking alone, a player must sacrifice a unit in order to declare defenders.",Ryan Barger,3
Spearhost of Asuryan,The Fourth Waystone,86,High Elf,Unit,4,2,3,1,2,"Warrior, Elite","Hit Points: 3 Warrior. Elite. Action: When this unit attacks, deal 2 indirect damage to target opponent (players allocate their own indirect damage). Let the enemies of the High Elves find nought but our spears!",Carolina Eade,3
Spelleater Rune,Fiery Dawn,101,Dwarf,Support,2,,,2,0,Rune,Rune. Action: Sacrifice this card to cancel an action just played that targets a [Dwarf] unit you control.,Igor Kieryluk,3
Spellsinger,Chaos Moon,39,Neutral,Unit,2,1,2,0,1,"Wood Elf, Mage","Hit Points: 2 Wood Elf. Mage. Order only. Action: When you play a development from your hand, target development becomes a unit with [Power] and 2 hit points until the end of the turn. It still counts as a development.",Carolina Eade,3
Spelltwister,Cataclysm,35,Chaos,Unit,3 +,1,1,,,Sorcerer,"- Action: When a zone burns, corrupt all units in target corresponding zone.",,
Spellweaver,The Ruinous Hordes,98,Neutral,Unit,2,1,2,1,0,Wood Elf,"Hit Points: 2 Wood Elf. Order only. Ambush 1. Action: When this unit ambushes, place the top 2 cards of your deck facedown in this zone as developments.",0 Comments,3
Spellweaver of Kel-Isha,Hidden Kingdoms,11,Neutral,Unit,3,1,3,,,Wood Elf,"- Order only. Action: When you play a development from your hand, move target development you control to another zone you control.",,
Spida Huntin',March of the Damned,19,Orc,Tactic,1,,,2,,,Action: Deal 2 damage to target unit you control. That unit gains [Power][Power] until the end of the turn. Be very quiet! Iz huntin' spidaz.,Andrew Olson,3
Spider Riders,The Skavenblight Threat,8,Orc,Unit,1,,1,1,0,Cavalry,Hit Points: 1 Cavalry. Battlefield. This unit gains [Power][Power] while attacking. We'z can go anywhere on dese Spidurs!,Games Workshop Ltd,
Spirit Host,March of the Damned,46,Neutral,Unit,3,1,3,0,1,"Undead, Warrior.","Hit Points: 3 Undead. Warrior. Destruction only. Action: When this unit leaves play, attach it to a target unit. It then counts as an Attachment support card with the text ""Attached unit loses [Power].""",Games Workshop Ltd,3
Spirit Slayer,Portent of Doom,83,Dwarf,Unit,2,1,2,2,1,Slayer,"Hit Points: 2 Slayer. Action: When this unit attacks, choose a Trait. All units with that trait must defend this turn, if able. Death to all...",Anna Ignatieva,3
Spirit Speaka,Cataclysm,11,Orc,Unit,3 +,2,1,,,"Orc, Shaman","- Orc only. When you burn a zone during an attack, you may put this unit into play from your hand (in any zone).",,
Spoils of War,Realm of the Phoenix King,39,Neutral,Support,0,2,,0,2,Treasure,"Treasure. Limit 1 per deck. Forced: When this zone is attacked, the attacking player takes control of this card and moves it to a zone of his choice.",Games Workshop Ltd,3
Spreading Darkness,The Burning of Derricksburg,14,Chaos,Tactic,3 +,,,,,,- Action: Each attacking unit gains [P] for each corrupted unit in the defending zone.,,
Squig Herders,Core Set,57,Orc,Unit,2 +,1,2,,,"Goblin, Warrior",- Squig Herders gains [P] while you control at least one damaged unit.,,
Squig Hopper,Signs in the Stars,65,Orc,Unit,3,1,3,2,1,"Goblin, Warrior","Hit Points: 3 Goblin. Warrior. This unit gains [Power] as long as you control another Goblin unit. Hang on tight, diz iz gonna be a bumpy ride...",Santiago Villa,3
Squig Lobber,The Iron Rock,44,Orc,Unit,2,1,1,2,1,Siege,"Hit Points: 2 Siege. Battlefield. Action: At the beginning of your turn, put a resource token on this card. Action: Remove a resource token from this unit to deal 1 indirect damage to target opponent.",Cristi Balanescu,3
Squig Pen,The Burning of Derricksburg,10,Orc,Support,3,2,,1,2,Building,Building. Play in a zone with no developments. You cannot develop this zone. Poke'em gud and hope dey don't turn round!,Jason Ward,3
Squig Trackers,The Inevitable City,2,Orc,Unit,2,1,1,3,1,"Goblin, Ranger","Hit Points: 1 Goblin. Ranger. Action: When this unit enters play, search the top five cards of your deck for a card with the word ""Squig"" or ""Squigs"" in its title and put it into play (in any zone). Then, shuffle your deck.","Paul Gnzenko, aka GuzBoroda",3
Stag of the Sacred Glade,Realm of the Phoenix King,37,Neutral,Support,2,,,0,0,"Wood Elf, Creature","Creature. Wood Elf. Order only. While this zone is being attacked, the attacking player may not trigger Actions.",Oleg Saakyan,3
Stalemate,Hidden Kingdoms,42,Empire,Tactic,0 +,,,,,,- Action: Return target attacking unit and target defending unit with the same cost to their owners' hand.,,
Stand Your Ground,The Skavenblight Threat,2,Dwarf,Tactic,1,,,2,,,Action: Put into play one target [Dwarf] unit that entered your discard pile this turn. (You choose the zone in which the unit enters play.) Nothing but a scratch!,Paul [Prof] Herbert,
Standard Bearer,Cataclysm,4,Dwarf,Unit,2 +,,4,,,"Elite, Warrior","- Toughness 1. While this unit is attacking, combat damage must be assigned to copies of 'Standard Bearer' before it is assigned to other attacking units.",,
Standard of Clar Karond,The Silent Forge,56,Dark Elf,Support,1,,,3,0,Attachment,"Attachment. Attach to a target [Dark Elf] unit in your battlefield. Action: When attached unit attacks, target unit in the defending zone loses [Power] until the end of the turn.",Tom Garden,3
Star Crown Fragments,Fragments of Power,21,Neutral,Support,4,,,0,0,"Artefact, Arcane",Artefact. Arcane. Order only. Attach to a target Hero or legend you control. This card cannot be targeted by card effects. Action: Sacrifice this card to return the top 5 non-Artefact cards from your discard pile to your hand.,Simon Dominic,3
Star Dragon,Realm of the Phoenix King,28,High Elf,Unit,10,5,5,4,5,Dragon,"Hit Points: 5 Dragon. Feared 2 (while this unit is attacking, blank the text box of 2 target units except for Traits). Lower the cost to play this unit by 1 for each Spell card in your discard pile.",Sandara Tang,3
Starwood Staff,The Eclipse of Hope,90,High Elf,Support,0,,,2,0,Attachment,"Attachment. Attach to a target [High Elf] unit you control. Action: When you play a Spell card, attached unit gains [Power] until the end of the turn.",Patrick McEvoy,3
Stealthy Skink,Oaths of Vengeance,38,Neutral,Unit,2,1,2,0,1,Lizardmen,"Hit Points: 2 Lizardmen. Order only. Ambush 1. Action: When this unit ambushes, Lizardmen units you control get +2 hit points until the end of the phase. ""Did you hear something?"" - Last words of a Dark Elf corsair.",Scott Purdy,3
Steam Tank,Omens of Ruin,6,Empire,Unit,4,,7,3,0,War Machine,"Hit Points: 7 War Machine. This unit gains [Power] for each resource token on it. Action: At the beginning of your turn, put a resource token on this unit.",David Sondered,3
Steel Behemoth,The Ruinous Hordes,85,Empire,Unit,6,4,4,4,4,Battlefield Only,Hit Points: 4 War Machine. Battlefield only. Toughness X. X is the number of all opponent's units participating in combat.,0 Comments,3
Steel Standard,Shield of the Gods,107,Empire,Unit,2,,2,1,0,"Standard Bearer, Knight",Hit Points: 2 Standard Bearer. Knight. Knight units in this zone gain Toughness 1.,Even Mehl Amundsen,3
Steel's Bane,The Skavenblight Threat,6,High Elf,Tactic,1,,,2,,,Action: Cancel the next 10 damage that would be dealt to one target [High Elf] unit this turn. How plain. How pitiful.,Chris Trevas,
Stirland Deathjacks,The Imperial Throne,107,Empire,Unit,1,1,1,3,1,Warrior,"Hit Points: 1 Warrior. Action: When this unit enters or leaves play, deal 1 damage to target corrupted unit The men of Stirland have much experience in dealing with evil creatures.",Illich Henriquez,3
Stocking Skulls,Hidden Kingdoms,48,Chaos,Tactic,1 +,,,,,,,,
Stolen Skin,Fragments of Power,32,Chaos,Support,0,,,2,0,Attachment,"Attachment. Attach to a target [Chaos] unit. Attached unit gains Toughness 1. If attached unit survives combat, heal all damage on it.",Jasper Sandner,3
Stone to Skin,Redemption of a Mage,75,Chaos,Tactic,1,,,2,,Spell,"Spell. Action: Until the end of the turn, target Building support card becomes a unit with 4 hit points (the card retains its power). It also counts as a Building support card. Stand up and join us in battle!",Ramon Contini,3
Stone Vengeance,Rising Dawn,3,Dwarf,Support,3,,,3,0,Grudge,"Grudge. When your capital is dealt combat damage, you may put this card into play from your hand (in any zone). Each [Dwarf] unit in this zone gains Toughness 1.",Michael Rasmussen,3
Stonebearer,Bleeding Sun,104,Dwarf,Unit,2,1,2,1,1,Warrior,Hit Points: 2 Warrior. This unit gains [Power] while attacking or defending if there are more opposing units in combat. Long have the Dwarfs been part of the rock.,Tom Garden,3
Storm of Change,The Inevitable City,14,Chaos,Tactic,3,,,2,,Spell,"Spell. Action: Discard a card from your hand with X loyalty to deal X damage to each corrupted unit. ""That's not natural."" - Lem Butcher, out for a morning stroll",Jason Juta,3
Stormvermin,Legends,46,Neutral,Unit,4,2,4,0,2,"Skaven, Warrior.",Hit Points: 4 Skaven. Warrior. Destruction only. Action: Spend 1 resource to redirect the next 2 damage dealt to target unit you control to this unit.,Ryan Barger,3
Straits of Lothern,Realm of the Phoenix King,30,High Elf,Support,3,1,,3,1,Location,Location. Kingdom. This card gains [Power] equal to the number of units in this zone. Those who pass between the straits never forget the sight.,Yoann Boissonnet,3
Strength of Emperors,Glory of Days Past,80,Neutral,Tactic,1,,,0,,,"Action: Heal all damage on target legend, then draw X cards. X is the number of damage healed. I will not bow to the likes of you.",Daarken,3
Stricken Warrior,The Accursed Dead,51,Chaos,Unit,2,,4,1,0,Warrior,"Hit Points: 4 Warrior. Forced: When this unit is opposed in combat, deal 1 damage to each other participating unit. Not even my sword will give you a clean death.",Cristi Balanescu,3
Strike from the Shadows,Faith and Steel,109,High Elf,Tactic,1,,,2,,,"Action: When a section of your capital is attacked, target a development in that zone. If it is a facedown [High Elf] unit, it gains Ambush X until the end of the phase. X is its loyalty.",0 Comments,3
Striking the Grudge,Core Set,21,Dwarf,Tactic,1 +,,,,,,- Action: One target attacking or defending unit gains [PP] until the end of the turn.,,
Strollaz's Banner,Portent of Doom,84,Dwarf,Support,0,,,2,0,"Attachment, Rune","Attachment. Rune. Attach to a target [Dwarf] unit you control. Quest. Action: When a unit enters this zone, shuffle the top unit in your discard pile into your deck and put 1 resource token on a quest you control.",Santiago Villa,3
Stubborn Refusal,Core Set,20,Dwarf,Tactic,2 +,,,,,,- Action: Move all damage from one target unit to another target unit in any player's corresponding zone.,,
Stunty Smasha,The Fall of Karak Grimaz,30,Orc,Unit,2,1,1,1,1,Warrior,Hit Points: 1 Warrior. Action: Sacrifice this unit to destroy target development. Da hills is alive wit da sound uv smashin'!,Ryan Barger,3
Summon the Reserves,Fragments of Power,39,High Elf,Quest,1,,,2,,Epic,"Epic. Quest. Action: If a unit is questing here when one of your zones is attacked, reveal the top card of your deck. If the revealed card is a non-Dragon [High Elf] unit, put it into play in the attacked zone. That unit must defend this turn if able.",Games Workshop Ltd,3
Summoning Tower,Battle for the Old World,55,Chaos,Support,2,1,,2,1,Fortification,"Fortification. Action: When this zone is attacked, sacrifice a unit in this zone to put a [Chaos] unit of equal or lower cost into play from your hand into this zone.",Lin Bo,3
Summons of Chaos,Oaths of Vengeance,34,Chaos,Tactic,2,,,4,,Epic Spell,Epic Spell. Limited. Action: Name a number and reveal the top X cards of your deck. X is the named number. Put a [Chaos] unit with cost X or less revealed by this effect into play in your battlefield. Discard the rest of the revealed cards.,Daarken,3
Sun Temple of Chotec,Hidden Kingdoms,7,Neutral,Support,1,,,,,"Lizardmen, Pyramid",- Order only. Lower the cost of the first Lizardmen unit you play each turn into a zone with at least 1 Pyramid card by 1.,,
Surprise Assault,Path of the Zealot,39,Neutral,Tactic,2,,,0,,,Action: Deal X indirect damage to one target player. X is the number of developments in your battlefield. (Players assign their own indirect damage.) We shall strike it down with the dawn!,Andrea Uderzo,1
Surrender!,Assault on Ulthuan,48,Empire,Tactic,1,,,2,,,Action: Return target defending unit to its owner's hand. Yield!,John Blanche,
Swarm 'Em,The Deathmaster's Dance,72,Orc,Tactic,X,,,2,,,"Action: Deal X damage to one target defending unit, where X is the number of units and developments in your battlefield. Mob up boyz, we got umies to kill!",Sam Wood,1
Swarm of Bats,Legends,52,Neutral,Unit,2,1,1,0,1,"Undead, Creature.","Hit Points: 1 Undead. Creature. Destruction only. Necromancy. Action: When this unit attacks, discard the top four cards of your deck. This unit gains power equal to the number of units discarded this way until the end of the turn.",Matthew Starbuck,3
Swift-moving Storm,Fragments of Power,34,Dark Elf,Tactic,4,,,3,,Spell,"Spell. Action: Units you control gain Scout until the end of the turn. Lightning and thunder, followed by blood and chains.",Simon Dominic,3
Sword Masters of Hoeth,Assault on Ulthuan,3,High Elf,Unit,4,2,3,2,2,"Warrior, Elite",Hit Points: 3 Warrior. Elite. Battlefield. Cancel all combat damage assigned to this unit. Warrior-scholars from Hoeth's famed White Tower.,Michael Phillippi,
Swords of Chaos,Portent of Doom,94,Chaos,Unit,4,2,3,3,2,Bodyguard,Hit Points: 3 Bodyguard. Battlefield only. Toughness 2. This unit can attack or defend (from any zone) whenever a [Chaos] legend you control attacks or defends. Chosen by the Everchosen himself.,Adam Lane,3
Sworn of Khorne,Fragments of Power,31,Chaos,Unit,2,3,1,1,3,"Khorne, Warrior",Hit Points: 1 Warrior. Battlefield only. This unit cannot attack unless the defending zone has at least 1 corrupted unit.,Jake Murray,3
Tactical Misdirection,Redemption of a Mage,66,Empire,Tactic,2,,,2,,,Action: Choose a zone. Units in that zone may defend any zone this turn. Lead them into the ambush!,John Wigley,3
Tainted Well,The Fourth Waystone,92,Chaos,Support,4,2,,2,2,Building,"Building. Action: When a unit is corrupted, deal 1 damage to that unit. I'm sure this water will be fine...",Tom Garden,3
Take Captive!,Assault on Ulthuan,41,Dark Elf,Tactic,3,,,3,,,"Action: Take control of target attacking unit until the end of the turn. Move it to the attacked zone, declared as a defender. That's it human whelp. Take your lessons well!",Mark Smith,
Talabheim Detachment,Path of the Zealot,24,Empire,Unit,2,1,2,1,1,Warrior,Hit Points: 2 Warrior. Action: Spend 1 resource to return this unit to its owner's hand.,Karl Kopinski,3
Talismanic Tatoos,Shield of the Gods,117,Neutral,Support,2,,,0,0,"Wood Elf, Attachment",Wood Elf. Attachment. Order only. Attach to a target Wood Elf unit. Attached unit gains [Power] for each development in this zone.,Magali Villeneuve,3
Tear of Isha,Assault on Ulthuan,16,High Elf,Tactic,1,,,1,,Spell,"Spell. Action: Heal all damage on one target unit. Purity of mind, spirit, and body.",Loren Fetterman,
Teclis,Legends,23,High Elf,Legend,5,3,3,4,,,"Action: At the beginning of your turn, reveal the top 5 cards of your deck. You may play a tactic card revealed this way without paying any costs (following all restrictions). Then, shuffle your deck. ""Lileath knows the purity of my intentions - I would see the shackles of Chaos broken.""",Clint Langley,3
Teller of Tales,Karaz a Karak,65,Dwarf,Unit,2,1,1,3,1,Storyteller,"Hit Points: 1 Storyteller. Kingdom. Action: When an ability is triggered on a quest you control, target [Dwarf] unit gains [Power] until the end of the turn. So there he was, axe stuckin the wyvern's skull.. no, this is a different wyvern...",0 Comments,3
Temple Guard,March of the Damned,35,Neutral,Unit,3,1,3,0,1,Lizardmen.,Hit Points: 3 Lizardmen. Order only. Action: Spend 1 resource to redirect the next 2 damage dealt to target unit you control to another target unit you control.,Florian Stitz,3
Temple of Shallya,Core Set,42,Empire,Support,4,2,,1,2,Building,"Building. Kingdom. At the beginning of your kingdom phase, you may move one of your units from its current zone to one of your other zones.",Trevor Cook,1
Temple of Spite,Vessel of the Winds,75,Dark Elf,Support,2,1,,2,1,Black Ark,"Black Ark. Quest. Action: Discard the top card of your deck to have target unit get -1 hit point until the end of the turn. Then, put 1 resource token on this card. (Limit once per turn.)",Simon Dominic,3
Temple of Ulric,Shield of the Gods,108,Empire,Support,3,2,,3,2,Building,Building. Limited. Action: Switch target quest you control with a [Empire] or neutral quest from your hand. Move all resource tokens and questing units from the target quest to the new quest.,Cristi Balanescu,3
Temple of Vaul,Assault on Ulthuan,15,High Elf,Support,3,3,,1,3,Building,"Building. Forced: At the beginning of your turn, deal 2 damage to your capital (you choose which section(s)).",Marco Caradonna,
Temple of Verena,The Silent Forge,44,Empire,Support,2,1,,2,1,,"Building. You may spend resource tokens on this card as though they were in your pool. Action: At the beginning of your turn, put up to 2 resources from your pool on this card.",Loren Fetterman,3
Terradon Rider,Legends,43,Neutral,Unit,4,1,3,0,1,- Lizardmen.,Hit Points: 3 Lizardmen. Order only. This unit gains [Power] equal to the total number of other Lizardmen units in this zone.,Jason Juta,3
Test of Will,The Ruinous Hordes,97,Dark Elf,Tactic,2,,,1,,Spell,Spell. Dark Elf only. Ambush 0. Play only during the Ambush step. Action: Attacking opponent must sacrifice an attacking unit or cancel the attack.,David Vargo,3
Testing the Spell,The Eclipse of Hope,96,Dark Elf,Tactic,3,,,3,,Spell,"Spell. Action: Put the top card of your deck into play facedown as a development. Then, take control of target unit with a printed cost of X or lower and move it to your corresponding zone until the end of the turn. X is the number of developments you control.",Mio del Rosario,3
Thane of Karak Norn,Cataclysm,1,Dwarf,Unit,4 +,2,4,,,"Hero, Warrior",- Limit 1 Hero per zone. Toughness 2. This unit gains [PP] and may attack from any zone while one of your zones is burning.,,
The Black Guard,Legends,17,Empire,Unit,3,1,3,1,1,"Knight, Elite","Hit Points: 3 Knight. Elite. If you control a legend, this unit may defend any zone.","Pierre ""Asahi"" Raveneau",3
The Bleeding Wall,The Inevitable City,11,Chaos,Support,2,1,,2,1,Location,"Location. Action: When a [Chaos] unit you control is corrupted, put a resource token on this card. Action: Remove 2 resource tokens from this card to destroy target corrupted unit.",Oleg Saakyan,3
The Changeling,The Eclipse of Hope,92,Chaos,Unit,5,2,4,3,2,Hero,Hit Points: 4 Hero. Limit one Hero per zone. Lower the cost to play this unit into your kingdom by 2. Quest. This unit gains [Power] Battlefield. This unit gains Scout and Toughness 1.,Vaello Bertol,3
The Ebonblades,City of Winter,89,Dark Elf,Unit,1,1,1,2,1,Warrior,"Hit Points: 1 Warrior. Battlefield only. While you control a Sorcerer unit, this unit gains [Power].",Mark Winters,3
The Emperor's Statue,Faith and Steel,103,Empire,Support,1,1,,1,1,Building,"Building. If you conrol a non-[Empire] card, sacrifice this card.",Igor Kieryluk,3
The Eternity Stair,Cataclysm,58,Neutral,Fulcrum,1,,,0,,,"While this fulcrum is channeled, each unit in your battlefield gains [Power].",Yoann Boissonnet,1
The Glittering Tower,Assault on Ulthuan,13,High Elf,Support,2,1,,1,1,Building,"Building. Kingdom. Action: Whenever you heal a unit, deal 1 damage to one target enemy unit or one target section of an opponent's capital.",Ignacio Lazcano,
The Great Guild Hall,Karaz a Karak,69,Dwarf,Support,5,4,,5,4,Capital Center,"Capital Center. This card enters play with 4 resource tokens on it. Action: At the beginning of your turn, remove a resource token from this card. Then, if there are no resource tokens on this card, search your deck for up to 5 [Dwarf] support cards, reveal them, and add them to your hand. Then, shuffle your deck.",0 Comments,3
The Greatswords,Core Set,30,Empire,Unit,4 +,1,4,,,"Warrior, Elite","- Forced: When a unit enters this zone, The Greatswords gains [P] until the end of the turn.",,
The Imperial Zoo,The Imperial Throne,109,Empire,Support,1,,,3,0,Location,Location. This card gains [Power] for each resource token on it. Action: Spend X resources to put a resource token on this card. X is the number of resource tokens on this card.,David A. Nash,3
The Last Oath,Cataclysm,8,Dwarf,Tactic,0 +,,,,,,"- Action: Until the end of the turn, when target Dwarf unit you control leaves play, deal damage equal to its power to one targe unit controlled by each opponent.",,
The Liber Mortis,The Accursed Dead,41,Neutral,Support,4,,,0,0,"Artefact, Tome",Artefact. Tome. Destruction only. Attach to a target Hero or legend. This card cannot be targeted by card effects. Action: Corrupt attached Hero or legend ot put target unit in any discard pile into play under your control.,A. L. Ashbaugh,3
The Oak of Ages,Hidden Kingdoms,16,Neutral,Support,3,2,,,,"Wood Elf, Location",- Wood Elf only. Each Wood Elf unit in play also counts as a development.,,
The Screaming Banner,March of the Damned,52,Neutral,Support,2,0,,0,0,"Attachment, Undead.","Attachment. Undead. Destruction only. Attach to a target Undead unit you control. Action: When attached unit attacks, target unit loses [Power][Power] until the end of the turn.",Igor Kieryluk,3
The Sealed Vaults,Portent of Doom,88,Empire,Tactic,0,,,2,,,"Action: Discard the top 3 cards of your deck. Gain 1 resource for each discarded card with a Quest ability. ""Greater treasures stored in there than what Khemri kings left behind."" - Erick, myth hunter",Simon Dominic,3
The Shattered Tower,Hidden Kingdoms,25,Neutral,Support,3,1,,,,"Skaven, Building","- Destruction only.Play with the top card of your deck revealed. If the top card of your deck is skaven unit, you may play it as if it were in your hand.",,
The Slayer Oath,The Twin Tailed Comet,43,Dwarf,Tactic,2,,,2,,,"Action: Target unit you control gains a [Power] for each unit in your discard pile until the end of the turn. When the shame grows too great to bear, dwarfs shave their heads, dye their hair orange, and seek glorious death in battle.",Jeffrey Lai,3
The Unending Horde,Rising Dawn,6,Orc,Support,1,,,2,0,Condition,"Condition. If your [Orc] unit would leave play, you can attach it to this card instead (it is not considered to be in play). Action: Spend X resources to put all [Orc] units attached to this card into play in your battlefield. X is the total printed cost of attached cards. (Limit once per turn.)",Cristi Balanescu,3
The Wild Hunt,Fiery Dawn,120,Neutral,Tactic,4,,,0,,Wood Elf,"Wood Elf. Order only. Action: Choose a target unit. That unit's controller sacrifices it. Then, that player may put into play facedown up to X developments from the top of his deck. X is the sacrificed unit's power.",Victor Corbella,3
Thick-Skinned,Warpstone Chronicles,92,Orc,Support,0,,,2,0,Attachment,Attachment. Attach to a target [Orc] unit. Action: Sacrifice this card to redirect any number of combat damage assigned to attached unit to one target unit you control.,Rick Sardinha,3
Thief of Essence,Legends,38,Dark Elf,Unit,2,1,1,2,1,Thief,"Hit Points: 1 Thief. Action: When one or more units leaves play, draw a card.",Andrew Silver,3
Thorek Ironbrow,Glory of Days Past,61,Dwarf,Legend,3,1-2-1,3,2,,,"Forced: When this legend enters play, you must burn 3 zones instead of 2 in order to win for the rest of the game. Action: When this legend attacks, put a [Dwarf] support card of cost X or less from your hand into play. X is the number of resources in your pool.",0 Comments,3
Thorgrim Grudgebearer,Legends,2,Dwarf,Legend,7,9,4,5,,,"Action: When one or more [Dwarf] units you control leaves play, deal 3 damage to target unit. ""With Grugni's blood within my veins, and Valaya's wisdom on my brow I shall not rest until every grudge is exacted in vengeance.""",Andrea Uderzo with Dmitri Bielak,3
Thornflesh Dryad,Chaos Moon,38,Neutral,Unit,4,1,4,0,1,"Wood Elf, Forest Spirit",Hit Points: 4 Wood Elf. Forest Spirit. Order only. Counterstrike 2. Action: Spend 2 resources to have this unit become a development until the end of the turn. It no longer counts as a unit.,Dimitri Bielak,3
Through All of Time,Shield of the Gods,119,High Elf,Quest,0,,,2,,,Quest. Action: Move a resource token from this card to a [High Elf] card with a resource token on it. Quest. Action: Put 1 resource token on this card at the beginning of your turn if a unit is questing here.,Games Workshop Ltd,3
Thyrus Gorman,Core Set,32,Empire,Unit,3,3,3,3,3,"Hero, Mage","Hit Points: 3 Hero. Mage. Limit one Hero per zone. Forced: After your turn ends, this unit takes 1 damage.",James Brady,1
Tiranoc Chariot,Omens of Ruin,10,High Elf,Unit,3,1,3,1,1,Warrior,"Hit Points: 3 Warrior. Action: When this unit attacks, reveal the top card of your deck. If the revealed card is a [High Elf] unit with a printed cost 2 or lower, put it into your battlefield, attacking.",Jorge Maese,3
Too 'ard to Die,Redemption of a Mage,71,Orc,Support,2,,,3,0,Attachment,"Attachment. Attach to target [Orc] unit in your battlefield. Attached unit gains Toughness X, where X is the damage on that unit. Nuffin' but a scratch.",Andrew Olson,3
Toof Trader,The Iron Rock,46,Orc,Unit,2,,1,1,0,Trader,Hit Points: 1 Trader. Lower the cost of each Creature card you play by 1 (to a minimum of 1). Dun keep profits. Keep pets.,David A. Nash,3
Tor Elyr,Fragments of Power,30,High Elf,Support,2,1,,1,1,Location,Location. Other [High Elf] support cards you control cannot be targeted by opponents' card effects. The spired islands of Tor Elyr ever watchful on the coast of Ulthuan,Michael Rasmussen,3
Totem of Gork,Core Set,70,Orc,Support,3,1,,3,1,Siege,"Siege. Units in this zone gain [Power] while attacking or defending. ""A foul offering to one of their degenerate gods."" - Gavius Klugge",Mark Smith,1
Tough as Nails,March of the Damned,4,Dwarf,Tactic,1,,,2,,,Action: Target Slayer unit gains Toughness X until the end of the turn. X is the damage on the unit. It'll take more than a few dozen grobi to kill me.,Matthew Starbuck,3
Tower of Oblivion,Rising Dawn,15,Dark Elf,Support,2,1,,2,1,Black Ark,"Black Ark. Quest. Action: Discard the top card of your deck to have target unit lose [Power] until the end of the turn. Then, put 1 resource token on this card. (Limit once per turn).",Simon Dominic,3
Towersmasha,Cataclysm,12,Orc,Unit,5 +,3,5,,,Elite,"= Battlefield. Action: When you burn a zone during an attack, destroy target support card in the burned zone.",,
Toxic Hydra,The Eclipse of Hope,95,Dark Elf,Unit,5,2,4,3,2,Creature,"Hit Points: 4 Creature. Action: When this unit enters play, each unit in any corresponding zone gets -2 hit points until the end of the turn. Five heads, but only one brain.",Jon Bosco,3
Track the Prey,Legends,45,Neutral,Tactic,2,,,0,,Lizardmen.,"Lizardmen. Order only. Action: Target unit you control gains Savage X, where X is its printed power (whenever this unit is dealt damage, it may deal X damage to target unit in any corresponding zone).",Alexandr Shaldin,3
Treasure Thieves,The Accursed Dead,53,Dark Elf,Unit,3,1,2,1,1,"Raider, Sorcerer","Hit Points: 2 Raider. Sorcerer. Quest. Action: When this unit enters play, discard the top card of your deck to discard the top card of target opponent's deck. Gain resources equal to the difference in printed cost between the discarded cards.",Magali Villeneuve,3
Treasure Vaults,Assault on Ulthuan,55,Neutral,Support,3,1,,,,Building,"- Kingdom. While you have 3 or more developments in this zone, each Building support card in this zone gains [P].",,
Tree Kin,Omens of Ruin,18,Neutral,Unit,3,1,2,0,1,"Wood Elf, Forest Spirit.",Hit Points: 2 Wood Elf. Forest Spirit. Order only. Action: Spend 2 resources to have this unit become a development until the end of the turn. It no longer counts as a unit.,Chris Quilliams,3
Treeman Ancient,The Twin Tailed Comet,58,Neutral,Unit,5,2,4,0,2,"Wood Elf, Forest Spirit",Hit Points: 4 Wood Elf. Forest Spirit. Order only. Toughness 1. Action: Spend 2 resources to have this unit become a development until the end of the turn. It no longer counts as a unit.,Andrew Olson,3
Tribal Tattoos,The Twin Tailed Comet,46,Orc,Support,0,,,2,0,Attachment,"Attachment. Attach to a target unit you control. Attached unit gains [Power]. If attached unit leaves play, you may spend 1 resource to attach this card to another target unit you control",BANE,3
Trinkets of Gold,Shield of the Gods,115,Neutral,Support,1,,,0,0,"Lizardmen, Treasure, Attachment","Lizardmen. Treasure. Attachment. Order only. Attach to a target Lizardmen unit you control. Action: When attached unit attacks or defends, draw cards equal to the number of Treasure and Artefact cards you control.",Adam Lane,3
Troll Den,March of the Damned,18,Orc,Support,4,3,,2,3,Building,"Building. Forced: At the beginning of your turn, deal 2 damage to target unit you control in this zone or sacrifice this card.",Anna Christenson,3
Troll Slayers,Core Set,4,Dwarf,Unit,3,1,3,1,1,Slayer,Hit Points: 3 Slayer. Battlefield. This unit gains [Power][Power] while you have at least two developments in this zone.,Caravan Studio,3
Troll Vomit,Core Set,80,Orc,Tactic,4,,,2,,,Play during your turn. Action: Destroy all units in play. Burp...,Brad Rigney,1
True Mage,The Twin Tailed Comet,51,High Elf,Unit,3,1,3,1,1,Mage,"Hit Points: 3 Mage. Action: When you play a development from your hand, put a resource token on this unit. Then, deal X indirect damage to each player. X is the number of resource tokens on this card.",Magali Villeneuve,3
Tunnel Fighter,The Eclipse of Hope,82,Dwarf,Unit,4,2,4,3,2,Warrior,"Hit Points: 4 Warrior. You may sacrifice 3 developments to lower this unit's cost to 0. ""It's not my fault! Iskritt lead-went down the badwrong tunnel. There were beard-dwarfs there."" - Skaven clawleader Niktitt, explaining yet another failure",Jorge Maese,3
Twin-Tailed Comet,Core Set,45,Empire,Tactic,2 +,,,,,,- Action: Target a tactic just played. Copy the effects of that tactic without paying its cost. (You choose all targets of the copied tactic.),,
Tyriel,The Skavenblight Threat,5,High Elf,Unit,5,2,4,3,2,Hero,"Hit Points: 4 Hero. Limit one Hero per zone. Forced: Whenever an opponent attacks this zone, he must return one of his attacking units to its owner's hand at the end of the turn. I shall see the High Elves return to glory!",April Lee,
Tyrion,Legends,22,High Elf,Legend,6,5,4,5,,,"Each unit you control gains: ""Redirect the first point of damage dealt to this unit each turn to target unit in any corresponding zone."" ""Our fate brings us here, and our fate sends us home! Forth! Forth now! For Ulthuan and the day of our destiny!""",Rahmat Muslim & Ijur,3
Tzeentch's Firestorm,Assault on Ulthuan,54,Chaos,Tactic,4 +,,,,,Spell,- Action: Deal 2 damage to 2 different target units.,,
Ugrok Beardburna,Tooth and Claw,48,Orc,Unit,5,3,5,2,3,"Hero, Warrior",Hit Points: 5 Hero. Warrior. Limit one Hero per zone. This unit gains [Power] for each damage on it. Da stunties is askin' for a beatin'!,Alex Boyd,1
Ulric's Fury,The Deathmaster's Dance,66,Empire,Tactic,2,,,2,,,Action: Each of your defending units gains Counterstrike 1 until the end of the turn. The Wolf God's rage fills us with fury!,Adrian Smith,3
Und Dokbar,Omens of Ruin,2,Dwarf,Support,2,1,,2,1,Building,Building. Support cards in a zone with no developments lose all power.,Mio del Rosario,3
Ungor Raiders,Omens of Ruin,12,Chaos,Unit,2,1,2,1,1,Warrior,"Hit Points: 2 Warrior. Action: When this unit leaves play, destroy target development. We are the reason you fear the dark!",Adam Lane,3
Ungrim Baragor,Fragments of Power,22,Dwarf,Legend,7,3,5,4,,,"Action: When this legend attacks or defends, choose a Trait. All units with that Trait lose [Power][Power] until the end of the turn. ""I fear there is no foe worthy of my death.""",Andrew Johanson,3
Unleashing the Spell,The Eclipse of Hope,94,Chaos,Tactic,3,,,3,,Spell,"Spell. Action: Put the top card of your deck into play facedown as a development. Then, sacrifice X developments to deal X damage to target unit or capital.",Tom Garden,3
Unstable Flux,Portent of Doom,99,Chaos,Quest,1,,,1,,Epic,"Epic. Quest. Forced: When a Spell card is played, put 1 resource token on this card if a unit is questing here. Quest. Action: Remove 2 resource tokens from this card to discard the top card of each player's deck. Each player must deal X uncancellable damage to 1 section of his capital, where X is the printed cost of his discarded card.",Games Workshop Ltd,3
Urguck,Core Set,62,Orc,Unit,3,1,3,3,1,"Hero, Warrior","Hit Points: 3 Hero. Warrior. Limit one Hero per zone. During your capital phase, you may spend damage on this unit as though it were resources.",Clint Langley,1
Vaedra Bloodsworn,Oaths of Vengeance,35,Dark Elf,Unit,3,,3,2,0,"Warrior, Witch Elf","Hit Points: 3 Warrior. Witch Elf. Action: When this unit attacks or defends, discard the top card of target opponent's deck. This unit gains [Power] equal to the cost of the discarded card until the end of the phase.",Christina Davis,3
Valkia the Bloody,Core Set,87,Chaos,Unit,4 +,2,4,,,"Hero, Daemon",- Limit one Hero per zone. Quest. Action: Spend 2 resources to move any number of damage on this unit to a target corrupted unit.,,
Valley of Many Eyes,The Accursed Dead,48,Orc,Support,2,2,,2,2,Location,"Location. Quest only. Forced: When you play another card into this zone, discard the top card of your deck. If the printed cost of the discarded card is not odd, destroy the just played card.",Michael Rasmussen,3
Valorous Mage,The Eclipse of Hope,89,High Elf,Unit,2,1,2,1,1,Mage,"Hit Points: 2 Mage. Action: When this unit enters play, search the top five cards of your deck for a Spell card, reveal it, and put it into your hand. Then, shuffle your deck.",Nicole Cardiff,3
Valour of Ages,Shield of the Gods,110,High Elf,Tactic,0,,,3,,,Action: Target defending unit you control that is defending alone deals damage equal to its power to each attacking unit. Sacrifice it at the end of the turn.,Magali Villeneuve,3
Van Klumpf's Buccaneers,The Inevitable City,3,Empire,Unit,1,1,1,2,1,Mercenary,"Hit Points: 1 Mercenary. Battlefield only. When this unit attacks, deal damage equal to its power to each zone with no units. Equal opportunity has always been the buccaneer way.",Illich Henriquez,3
Vanguard of Woe,The Fall of Karak Grimaz,36,Dark Elf,Unit,2,1,2,1,1,Warrior,"Hit Points: 2 Warrior. Action: When this unit leaves play, target opponent discards a card from his hand. The first into battle, fresh blood on their blades.",Igor Kieryluk,3
Vaul's Unmaking,Path of the Zealot,26,High Elf,Tactic,0,,,1,,Spell,Spell. Action: Destroy one target Attachment card. Return your paltry weapons to the aethyr!,Carl Frank,3
Vengeful Slayer,Faith and Steel,105,Dwarf,Unit,3,1,3,1,1,Slayer,"Hit Points: 3 Slayer. Dwarf only. When your capital is dealt combat damage, you may put this unit into play from your hand, into your battlefield.",0 Comments,3
Vermintide,Hidden Kingdoms,27,Neutral,Tactic,5,,,,,"Skaven, Spell",- Destruction only. Action: Search top X cards of your deck for any number of Skaven units and put each unit into play (in any zone). X is the number of corrupted units you control.,,
Veteran Greatsword,Fiery Dawn,107,Empire,Unit,3,1,3,1,1,Warrior,"Hit Points: 3 Warrior. Action: When this unit enters play, it gains [Power] for each unit in this zone until the end of the turn.",Patrick McEvoy,3
Veteran Quarreler,Legends,4,Dwarf,Unit,3,1,3,1,1,Ranger,"Hit Points: 3 Ranger. Action: When this zone is attacked, deal 1 damage to target attacking unit.",Ijur,3
Veteran Sellswords,Path of the Zealot,38,Neutral,Unit,0,1,1,0,1,Warrior,"Hit Points: 1 Warrior. Battlefield only. Forced: At the end of your turn, target opponent gains control of this unit and moves it to his corresponding zone. Only one side lives to spend their money...",Michael Phillippi,3
Veteran Slayer,Legends,3,Dwarf,Unit,2,1,2,2,1,Slayer,Hit Points: 2 Slayer. Action: Sacrifice this unit to have your units gain Toughness 2 until the end of the turn.,Adam Lane,3
Veteran Thunderers,Days of Blood,5,Dwarf,Unit,2,1,2,2,1,Warrior,"Hit Points: 2 Warrior. Raider 2. Dwarfs will fight for gold as quick as for grudges, but gold pays better.",Chris Trevas,3
Vicious Clanrat,Chaos Moon,40,Neutral,Unit,4,1,3,0,1,Skaven,"Hit Points: 3 Skaven. Destruction only. While attacking, this unit gains [Power] for each corrupted Skaven unit you control.",Ryan Barger,3
Vicious Marauder,The Fourth Waystone,91,Chaos,Unit,3,2,2,1,2,Warrior.,"Hit Points: 2 Warrior. Battlefield only. This unit must attack during your battlefield phase, if able.",Ryan Barger,3
Vigilant Druchii,Faith and Steel,117,Dark Elf,Unit,3,1,3,1,1,Elite,"Hit Points: 3 Elite. While this unit is questing, cards cannot leave opponents' discard piles. Our malice does not sleep.",0 Comments,3
Vigilant Elector,The Deathmaster's Dance,64,Empire,Unit,3,1,3,2,1,Warrior,"Hit Points: 3 Warrior. Quest. Action: Spend 1 resource to attach this unit to a target unit. It then counts as an Attachment support with the text ""Attached unit is destroyed at the end of its controller's turn."" March forth men, to glory!",Sam Wood,1
Vigilant Pistoliers,Warpstone Chronicles,84,Empire,Unit,3,1,2,2,1,Warrior,"Hit Points: 2 Warrior. If this unit is destroyed while in your battlefield, put it into play in your kingdom instead of into your discard pile. The first warning when danager approaches.",Clint Langley,1
Vile Sorceress,Core Set,107,Dark Elf,Unit,2,1,2,2,1,Sorceror,"Hit Points: 2 Sorceror. Quest. Forced: After your turn begins, one target unit gets -1 hit points until the end of the turn.",Clint Langley,1
Visit the Haunted City,Omens of Ruin,8,Empire,Quest,0,,,2,,,"Action: When you play a development from your hand, put a resource token on this card if a unit is questing here. Action: Discard 2 resources on this card to move a target unit or support card from its current zone to another zone controlled by the same player.",Games Workshop Ltd,3
Voice of Command,The Twin Tailed Comet,49,Empire,Tactic,1,,,2,,Spell,"Spell. Action: Until the end of the turn, when you play a tactic, you may spend 1 resource to return it to its owner's hand at the end of the turn.",Even Mehl Amundsen,3
Volkmar the Grim,Legends,16,Empire,Legend,5,3,4,4,,,"If a unit would enter its owner's discard pile or return to its owner's hand from play, you may instead put it on the bottom of its owner's deck. ""I have looked into the very heart of chaos and survived. If a humble servant of Sigmar such as myself can do so, then there is hope for all men.""",Joko Mulyono & Hendry Iwanaga,3
Waaagh!,Core Set,79,Orc,Tactic,3,,,2,,,Action: Each attacking unit gains [Power][Power] until the end of the turn. Waaagh! Waaagh! WAAAGH!,Jorge Maese,1
Waiting in Ambush,Signs in the Stars,69,Empire,Tactic,0,,,3,,,"Action: Play a unit from your hand (paying all costs). Steady, lads... steady...",Diego Gisbert,3
Wake the Dragons,Assault on Ulthuan,10,High Elf,Quest,2,,,1,,,"Quest. While this card has 3 or more resources on it, you may return an [High Elf] card with cost 3 or higher from your discard pile to your hand at the beginning of your turn. Quest. Forced: Place 1 resource token on this card at the beginning of your turn if there is a unit questing here.",Sam Wood,
Wake the Mountain,Core Set,24,Dwarf,Tactic,3 +,,,,,,- Action: Put the top three cards of your deck into your battlefield or kingdom facedown as developments. (All three developments must go in the same zone.),,
Walking Sacrifice,Assault on Ulthuan,23,Dark Elf,Unit,0,0,1,1,0,Martyr,"Hit Points: 1 Martyr. Forced: When this unit leaves play, draw a card. Slaves often serve more purpose in death.",Nacho Molina,
Wall of Maggots,The Inevitable City,12,Chaos,Support,1,,,1,0,Fortification,"Fortification. Action: When this zone is attacked, corrupt target attacking unit (this does not prevent the unit from attacking).",Jonas Springborg,3
War Boar,The Accursed Dead,47,Orc,Unit,3,1,3,2,1,"Creature, Cavalry",Hit Points: 3 Creature. Cavalry. Battlefield. Treat all quests in play as if they are also support cards.,Ben Zweifel,3
War Crown of Saphery,Warpstone Chronicles,88,High Elf,Support,2,,,1,0,"Attachment, Relic","Attachment. Relic. Attach to a target [High Elf] unit. Attached unit gains [Power] for each resource token on this card. Forced: At the beginning of your turn, place a resource token on this card.",Loren Fetterman,1
War Hydra,The Deathmaster's Dance,76,Dark Elf,Unit,5,2,1,1,2,Creature,"Hit Points: 1 Creature. Place 5 resource tokens on this unit when it enters play. Forced: Each time this unit is assigned 1 damage, remove a resource token from this unit to cancel that damage. Then, add 1 resource to your pool.",Adrian Smith,1
War Machine Emplacement,March of the Damned,8,Empire,Support,1,,,2,0,"Siege, Warmachine",Siege. War Machine. Battlefield. Action: Spend 2 resources to deal 2 damage to target attacking unit (limit once per turn).,Chris Trevas,3
War Paint,The Skavenblight Threat,9,Orc,Support,0,,,1,0,Attachment,"Attachment. Attach to a target unit in your battlefield. Attached unit gains [Power] for each damage on it. ""Dis paint make me dead 'ard.""",Brad Rigney,
Warboss Banna,Days of Blood,15,Orc,Support,0,,,3,0,Attachment,"Attachment. Attach to a target unit you control. While attached unit is attacking or defending, it gains: ""Action: discard an [Orc] unit from your hand to give this unit [Power] until the end of the phase.""",Christer Hagglund,3
Wardancer,The Eclipse of Hope,98,Neutral,Unit,5,3,3,0,3,Wood Elf,Hit Points: 3 Wood Elf. Order only. Counterstrike X. X is the number of developments in this zone.,Igor Kieryluk,3
Warding Mage,Faith and Steel,108,High Elf,Unit,2,1,1,2,1,Mage,"Hit Points: 1 Mage. Action: Choose a unit you control. Until the end of the phase, any opponent's effect that targets chosen unit is applied to this unit instead, if able. Limit once per phase.",0 Comments,3
Warhawk Rider,The Inevitable City,16,Neutral,Unit,4,1,3,0,1,Wood Elf,"Hit Points: 3 Wood Elf. Order only. Action: When this unit attacks or defends, target opponent chooses and discards a card from his hand. When a shadow crosses the sun, look up and embrace your death.",Oleg Saakyan,3
Warhounds,Legends,32,Chaos,Unit,2,1,2,1,1,Creature,"Hit Points: 2 Creature. Action: When this unit enters play, reveal a [Chaos] legend or unit from your hand. If you do, deal 2 damage to target unit in any corresponding zone.",Andrew Olson,3
Warlock Engineer,The Imperial Throne,116,Neutral,Unit,4,1,1,0,1,"Skaven, Engineer","Hit Points: 1 Skaven. Engineer. Destruction only. Action: Corrupt this unit to discard the top card of your deck. Then, you may destroy target support card with the same printed cost as the discarded card.",Peter Tikos,3
Warlord Be Smart,Cataclysm,16,Orc,Tactic,3 +,,,,,,"- Action: Until the end of the turn, double all combat damage assigned to target opponent's capital as it is being assigned.",,
Warlord Go Smash,Cataclysm,15,Orc,Tactic,3 +,,,,,,,,
Warp Lightning Cannon,The Skavenblight Threat,17,Neutral,Support,2,,,0,0,"Attachment, Weapon, Skaven",Attachment. Weapon. Skaven. Destruction only. Attach to a target unit. Corrupt that unit. Attached unit gains [Power][Power][Power] while attacking or defending.,Franz Vohwinkel,
Warpstone Excavation,Core Set,116,Neutral,Support,0,1,,0,1,Warpstone,Warpstone. Restricted Your units enter this zone corrupted.,Jason Caffoe,3
Warpstone Experiments,Legends,48,Neutral,Tactic,1,,,0,,Skaven.,Skaven. Destruction only. Action: Choose a target unit you control. That unit gains [Power][Power][Power] until the end of the turn. Sacrifice that unit at the end of the turn.,Simon Dominic,3
Warpstone Meteor,Core Set,96,Chaos,Support,3,2,,2,2,Warpstone,"Warpstone. Forced: After your turn begins, each player must corrupt one of his units in this corresponding zone or deal 1 damage to his capital. (Players decide where their own damage is assigned.)",Jason Caffoe,1
Warpstone of Turmoil,Cataclysm,51,Neutral,Support,1,1,,,,Warpstone,"- Forced: When this card enters play, target opponent draws 2 cards.",,
Warrior Priests,Core Set,34,Empire,Unit,2,1,1,1,1,"Warrior, Priest","Hit Points: 1 Warrior. Priest. Forced: The first point of damage assigned to this unit each turn is redirected to one target unit in any battlefield. (If there is no valid target, the damage is assigned to Warrior Priests.)",Mark Molnar,3
Warriors of Ulric,Bleeding Sun,106,Empire,Unit,3,1,3,1,1,Knight,"Hit Points: 3 Knight. Action: When a player declares a zone to attack, move this unit from its current zone to another of your zones. The Wolf God fills my heart with fury!",Chris Trevas,3
Wasting Disease,Glory of Days Past,74,Chaos,Tactic,1,,,3,,Disease,"Disease. Action: Choose a trait. Until the end of the phase, all units with that trait lose [Power] and get -1 hit points while participating in combat. Like aging fifty years in a few faltering heartbeats.",Scott Purdy,3
Watchstone of Athel Tamarha,The Fall of Karak Grimaz,28,High Elf,Support,3,1,,1,1,Building,"Building. Kingdom. Action: When you play a Spell card, gain 1 resource. Proof against even the mightiest of foes.",Tom Garden,3
Watchtower,Legends,55,Neutral,Support,2,1,,0,1,"Building, Limited","Building. Limited (you cannot play more than one limited card per turn). Action: At the beginning of your turn, target opponent reveals his hand.",Alexandr Shaldin,3
We Hates Them All,Fragments of Power,40,Neutral,Quest,1,,,0,,Skaven,"Skaven. Destruction only. Quest. Action: When a Skaven unit enters play under your control, put 1 resource token on this card if a unit is questing here. Quest. Action: Remove 1 resource token from this card to have target attacking Skaven unit gain [Power] for each resource token on this card.",Games Workshop Ltd,3
We Need Your Blood,The Skavenblight Threat,14,Dark Elf,Tactic,1,,,1,,,Action: One target unit gets -1 hit points and another target unit gets +1 hit points until the end of the turn. The Cauldron demands sacrifice.,Dan Wheaton,
We'z Bigga!,Core Set,76,Orc,Tactic,0,,,1,,,Action: Lower the cost of the next unit you play this turn by 1. That unit comes into play with 1 damage on it.,Christopher Ocampo,2
Wealth of the Hold,Oaths of Vengeance,27,Dwarf,Support,2,1,,2,1,Vault,"Vault. Action: At the beginning of each opponent's turn, gain 1 resource. I'll wager this is what they're after.",A. L. Ashbaugh,3
Werner Ludenhof,The Imperial Throne,104,Empire,Unit,3,1,3,3,1,Hero,"Hit Points: 3 Hero. Limit one Hero per zone. While this unit is questing, it gains [Power][Power]. Action: Move this unit onto a quest you control.",Even Mehl Amundsen,3
Whip the Slaves,The Burning of Derricksburg,17,Dark Elf,Tactic,0,,,2,,,"Action: Sacrifice a unit to draw 2 cards. It makes them work harder, but above all it is just for fun.",Igor Kieryluk,3
White Lion Champion,Realm of the Phoenix King,26,High Elf,Unit,3,2,2,2,2,"Warrior, Elite",Hit Points: 2 Warrior. Elite. This unit cannot be restored. As fierce and brave as the lion whose pelt he wears.,Jen Zee,3
White Lion Master,Glory of Days Past,69,High Elf,Support,1,,,2,0,"Attachment, Title",Attachment. Title. Attach to a target unit you control. This card enters play with 1 resource token on it. Action: Remove 1 resource token from this card to cancel an action just triggered that targets attached unit.,Nora Brisotti,3
White Lion Vanguard,The Twin Tailed Comet,50,High Elf,Unit,2,1,2,1,1,"Warrior, Elite",Hit Points: 2 Warrior. Elite. Redirect the first point of damage dealt to this unit each turn to target unit in any corresponding zone. Noble as lions and twice as fierce.,Jarreau Wimberly,3
White Tower Aspirant,The Fourth Waystone,87,High Elf,Unit,2,1,2,2,1,"Apprentice, Kingdom",Hit Points: 2 Apprentice. Kingdom. Indirect damage cannot be cancelled by card effects. The winds shall dance at my command.,Carolina Eade,3
Wight Lord,March of the Damned,48,Neutral,Unit,5,2,4,0,2,"Undead, Warrior.","Hit Points: 4 Undead. Warrior. Destruction only. Necromancy (You may play this card from your discard pile. If you do, put it on the bottom of your deck at the end of the turn.) Action: When this unit enters play, destroy target unit in any corresponding zone.",Daarken,3
Wild Rider,Legends,50,Neutral,Unit,3,1,3,0,1,"Wood Elf, Warrior.","Hit Points: 3 Wood Elf. Warrior. Order only. If you have five or more developments in this zone, this unit gains [Power][Power][Power][Power].",S. C. Watson,3
Wildwood Grove,Hidden Kingdoms,17,Neutral,Support,2,1,,,,"Wood Elf, Location",- Order only. You may play cards in your discard pile as developments into this zone as if they were in your hand.,,
Wilhelm of the Osterknacht,The Fall of Karak Grimaz,25,Empire,Unit,4,2,4,2,2,"Hero, Knight","Hit Points: 4 Hero. Knight. Limit one Hero per zone. Action: When this unit attacks, move one unit from the defending zone to another zone controlled by the same player.",Chase Toole,3
Will of the Electors,Core Set,44,Empire,Tactic,1,,,1,,,Action: Move up to two target developments from one zone to another controlled by the same player.,James Brady,1
Will of Tzeentch,Core Set,100,Chaos,Tactic,3 +,,,,,,- Play during your turn. Action: Each player discards his hand and draws three cards.,,
Willpower,The Inevitable City,19,Neutral,Tactic,1,,,0,,,Action: Target Hero unit gains [Power] equal to its loyalty until the end of the turn. No one and no thing will stand in my way.,Games Workshop Ltd,3
Windcatcher Prism,Vessel of the Winds,61,Neutral,Support,4,,,0,0,"Artefact, Arcane",Artefact. Arcane. Attach to a target Hero or legend you control. This card cannot be targeted by card effects. Action: Discard a card at random from your hand to gain resources equal to the printed cost of the discarded card.,Sandara Tang,3
Winged Fury,The Burning of Derricksburg,13,Chaos,Unit,5,2,4,2,2,- Daemon,"Hit Points: 4 Daemon. This unit gains [Power] for each corrupted unit controlled by an opponent. Daemon beasts that drop from the sky, stealing men away into the night.",Ryan Barger,3
Winged Riders of Kislev,The Imperial Throne,108,Empire,Unit,5,3,3,3,3,Cavalry,"Hit Points: 3 Cavalry. Action: When this unit attacks, it gains [Power] for each other attacking unit. The way they glide across the battlefield, sometimes it seems like they really can fly.",Adrian Smith,3
Winter Campaign,Shield of the Gods,118,Empire,Quest,1,,,2,,,"Epic. Quest. Forced: When you deal combat damage to an opponent's capital, put 1 resource token on this card if a unit is questing here. Quest. Action: At the beginning of your turn, remove 2 resource tokens from this card to declare an immediate attack on target opponent's zone.",Games Workshop Ltd,3
Witch Hag,Omens of Ruin,15,Dark Elf,Unit,2,1,2,1,1,Sorceror,"Hit Points: 2 Sorceror. Action: Corrupt this unit to discard the top card of target player's deck. I hear they bathe in blood to stay young and beautiful forever. Don't always work, though - Jacob Roedwig, Halberdier",Alan Lathwell,3
Witch Hag's Curse,Arcane Fire,118,Dark Elf,Support,1,,,2,0,"Attachment, Hex","Attachment. Hex. Attach to a target unit. Treat attached unit as though its printed text box were blank (except for Traits). You shall server me consciously, and for all eternity!",Igor Kieryluk,3
Witchbrew,Signs in the Stars,77,Dark Elf,Support,0,,,2,0,Attachment,"Attachment. Attach to a target unit you control. Action: When attached unit attacks, discard the top card of target player's deck. If the discarded card is a unit, attached unit gains [Power] until the end of the turn.",Oliver Meinerding,3
Witchfate Tor,Cataclysm,55,Neutral,Fulcrum,1,,,0,,,"Forced: When this fulcrum is channeled, corrupt target unit.",Juan Carlos Barquet,1
Withering Hex,Redemption of a Mage,77,Dark Elf,Support,1,,,2,0,"Attachment, Hex",Attachment. Hex. Attach to a target Building support card. Attached support card loses [Power]. Let the world crumble to dust.,Ramon Contini,3
Wolf Chariot,Oaths of Vengeance,30,Orc,Unit,5,3,4,2,3,"Cavalry, Goblin","Hit Points: 4 Cavalry. Goblin. Battlefield only. Action: When this unit attacks, sacrifice a unit you control. This unit gains [Power] equal to the sacrificed unit's loyalty until the end of the phase.",Sam Flegal,3
Wolf Gobbos,The Ruinous Hordes,94,Orc,Unit,2,1,2,2,1,Goblin,"Hit Points: 2 Goblin. Action: When this unit survives an attack on an opponent's zone, sacrifice this unit to destroy target unit in that zone. What we don' kill da wolfz can eat!",Alex Boyd,3
Wolf Rider Assault,Path of the Zealot,29,Orc,Tactic,0,,,1,,,"Action: Move one target [Orc] unit from your kingdom or your quest zone to your battlefield. That unit must attack this turn if able. Snatch an' bite, ride an' fight!",Eric Polak,3
Wolves of the North,Path of the Zealot,32,Chaos,Quest,0,,,2,,Quest,"Quest. Action: During your quest phase, the unit questing on this card can initiate a single attack against a single zone controlled by an opponent.",Games Workshop Ltd,1
Word of Pain,Assault on Ulthuan,34,Dark Elf,Support,2,,,1,0,"Attachment, Hex",Attachment. Hex. Attach to a target unit. Attached unit cannot attack. Khelthrai!,Lauren Cannon,
Wurrzag,Battle for the Old World,41,Orc,Legend,3,1-2-1,3,2,,,"Forced: When this legend enters play, you must burn 3 zones instead of 2 in order to win for the rest of the game. Action: When this legend attacks, play a non-Epic Spell [Orc] tactic from your hand for free.",0 Comments,3
Wyvern Rider,Assault on Ulthuan,49,Orc,Unit,3,1,3,1,1,Cavalry,Hit Points: 3 Cavalry. Battlefield. This unit gains [Power] if you have no developments in this zone. Dis 'un almost as mean as da Manflayer!,Mark Gibbons,
Xirat'p,Vessel of the Winds,72,Chaos,Unit,2,1,1,2,1,Daemon,"Hit Points: 1 Daemon. Action: Corrupt this unit to reveal the top card of your deck. If the revealed card is a Spell or Epic Spell tactic, you may play it by spending resources equal to is loyalty. Otherwise, discard it.",David A. Nash,3
You's Bigga,March of the Damned,20,Orc,Tactic,0,,,2,,,"Action: Sacrifice a unit to lower the cost of the next [Orc] unit you play this turn by 2 (to a minimum of 1). Sure fing, boss.",Florian Stitz,3
Your Will Is Mine,Arcane Fire,117,Dark Elf,Tactic,10,,,3,,Epic Spell,"Epic Spell. Play only during your turn. Action: Choose a zone. Take control of each opponent's units in that zone. (Those units move to your corresponding zone.) An odd sensation, no?",Mark Molnar,1
Zealot Hunter,Path of the Zealot,37,Neutral,Unit,3,1,2,0,1,Witch Hunter,"Hit Points: 2 Witch Hunter. Order only. Forced: After this unit enters play, destroy a unit that does not share the racial affiliation of its controller's capital. Do unto evil as evil has done unto you.",Marco Caradonna,1
Zhufbar Engineers,Core Set,2,Dwarf,Unit,3 +,1,3,,,Engineer,"- Forced: After this unit leaves play, each opponent must sacrifice a unit in this corresponding zone.",,
Ziggurat of Quetli,Hidden Kingdoms,8,Neutral,Support,2,1,,,,"Lizardmen, Pyramid",- Order only. Lizardmen units in a zone with at least 1 Pyramid card gain Savage 1.,,
Zombie Dragon,Karaz a Karak,76,Neutral,Unit,6,3,3,0,3,"Undead, Dragon","Hit Points: 3 Undead. Dragon. Destruction only. Necromancy. Feared 1. Action: When this unit enters play, all Undead units gain [Power] until the end of the turn.",0 Comments,3
